Time (s),X (Yellow Actual),Y (Yellow Actual),X (Yellow Predicted),Y (Yellow Predicted),X (Red Actual),Y (Red Actual),X (Red Predicted),Y (Red Predicted)
0.18991541862487793,,,,,,,,
0.27208542823791504,,,,,,,,
0.2784004211425781,,,,,,,,
0.28693509101867676,112,462,0,0,,,,
0.3161778450012207,,,,,,,,
0.3486440181732178,,,,,,,,
0.3840503692626953,,,,,,,,
0.4163029193878174,,,,,,,,
0.4479830265045166,,,,,,,,
0.484100341796875,,,,,,,,
0.5153305530548096,,,,,,,,
0.5481212139129639,,,,,,,,
0.5842001438140869,,,,,,,,
0.6162781715393066,,,,,,,,
0.6495137214660645,266,178,2,1,,,,
0.6843032836914062,269,179,12,8,,,,
0.7176017761230469,274,182,41,27,,,,
0.7482039928436279,280,184,97,64,,,,
0.7839176654815674,287,186,173,113,,,,
0.817180871963501,293,187,250,162,,,,
0.8493149280548096,296,187,312,200,,,,
0.8867354393005371,298,187,352,224,,,,
0.9163327217102051,299,187,374,236,,,,
0.9493634700775146,300,187,382,240,,,,
0.9841914176940918,299,187,381,238,,,,
1.0165860652923584,298,186,373,233,,,,
1.0490059852600098,297,185,361,225,,,,
1.0848579406738281,296,185,349,217,,,,
1.117140293121338,295,184,336,209,,,,
1.1484920978546143,295,183,324,201,,,,
1.184206485748291,295,183,315,195,,,,
1.216050386428833,295,182,307,189,,,,
1.2495965957641602,295,181,301,185,,,,
1.2840309143066406,295,180,297,181,,,,
1.3160984516143799,295,180,294,179,,,,
1.3480005264282227,295,179,292,177,,,,
1.384329080581665,295,179,291,176,,,,
1.4161360263824463,295,179,291,175,,,,
1.4493205547332764,295,179,291,175,,,,
1.480625867843628,295,179,291,176,,,,
1.5173826217651367,296,179,292,176,,,,
1.5482354164123535,296,179,293,176,,,,
1.5801551342010498,296,179,294,177,,,,
1.6169588565826416,296,179,294,177,,,,
1.649449348449707,296,179,295,178,,,,
1.680652379989624,296,180,295,178,,,,
1.7165892124176025,297,180,296,179,,,,
1.7487764358520508,297,180,296,179,,,,
1.7787132263183594,297,180,297,180,,,,
1.8164546489715576,297,180,297,180,,,,
1.8483285903930664,297,180,297,180,,,,
1.8802320957183838,298,181,297,180,,,,
1.9164302349090576,298,181,298,181,,,,
1.9489450454711914,298,181,298,181,,,,
1.9820234775543213,298,182,298,181,453,254,0,0
2.0175230503082275,298,182,298,182,,,,
2.0495402812957764,297,182,298,182,,,,
2.081099271774292,297,182,297,182,,,,
2.1164422035217285,297,183,297,182,,,,
2.149158239364624,297,183,297,183,,,,
2.1800973415374756,297,183,296,183,,,,
2.2168188095092773,297,184,296,183,488,257,4,2
2.2483320236206055,297,184,296,184,,,,
2.2802727222442627,297,184,296,184,503,258,24,12
2.316107988357544,297,184,296,184,505,257,77,39
2.348144292831421,297,184,296,184,,,,
2.3826851844787598,297,184,296,184,,,,
2.4164438247680664,297,184,296,184,543,250,184,88
2.4480645656585693,297,184,296,184,543,248,328,154
2.481172800064087,297,184,296,184,544,244,471,216
2.516162157058716,297,184,296,184,541,243,580,264
2.549410581588745,298,184,297,184,543,240,650,292
2.582261562347412,299,185,298,184,544,238,686,305
2.616541862487793,299,185,298,184,545,237,699,307
2.6502795219421387,300,185,299,185,546,237,695,303
2.6811816692352295,301,185,300,185,546,237,681,295
2.716240882873535,301,185,301,185,545,239,661,287
2.7496449947357178,301,185,301,185,546,240,639,278
2.782367467880249,301,185,301,185,546,241,618,270
2.8166873455047607,301,185,301,185,547,238,599,261
2.8502540588378906,301,185,301,185,547,240,583,254
2.8815104961395264,302,185,302,185,546,241,570,249
2.918818950653076,303,185,302,185,546,241,559,246
2.950164556503296,303,185,303,185,546,242,552,243
2.980177402496338,303,185,303,185,546,242,546,242
3.0170395374298096,303,185,303,185,546,242,543,241
3.05108642578125,304,185,304,185,546,242,541,240
3.081345796585083,304,185,304,185,545,242,540,240
3.117356300354004,305,185,305,185,546,242,540,240
3.1494381427764893,305,185,305,184,546,240,540,239
3.1811633110046387,305,185,305,184,546,240,541,239
3.2171053886413574,305,185,305,184,546,241,542,239
3.249549627304077,305,185,305,184,546,241,542,239
3.281364679336548,305,185,305,184,546,241,543,239
3.317857027053833,305,185,305,184,546,240,544,239
3.348966121673584,305,185,305,184,546,241,544,240
3.3815414905548096,305,185,305,184,546,241,545,240
3.419268846511841,305,185,305,184,546,242,545,241
3.452052354812622,305,185,305,184,546,243,545,242
3.482272148132324,305,185,305,184,546,244,546,243
3.516887903213501,305,185,305,184,546,244,546,243
3.550344944000244,305,185,305,184,546,245,546,244
3.580742359161377,305,185,305,184,546,245,546,245
3.6129984855651855,305,185,304,185,546,245,546,245
3.649399757385254,305,185,304,185,545,245,545,245
3.681302547454834,305,185,304,185,545,245,545,246
3.712630271911621,305,185,304,185,544,245,544,245
3.750195264816284,305,185,304,185,544,244,544,245
3.781769037246704,305,185,304,185,543,245,543,245
3.812685251235962,305,185,304,185,544,245,543,245
3.848043203353882,305,185,304,185,544,244,543,244
3.880579948425293,305,185,304,185,544,245,543,244
3.9142677783966064,305,185,304,185,544,245,543,244
3.9506583213806152,305,185,304,185,544,244,543,244
3.980142831802368,305,185,304,185,545,245,544,244
4.0122597217559814,305,185,304,185,545,245,544,244
4.048130512237549,305,185,304,185,546,246,545,245
4.080479860305786,305,185,305,185,546,245,545,245
4.112423419952393,305,185,305,185,546,245,546,245
4.148616552352905,305,185,305,185,546,245,546,245
4.180241584777832,305,185,305,185,546,246,546,245
4.212299346923828,305,185,305,185,546,246,546,245
4.2502875328063965,305,185,305,184,546,245,546,245
4.282969951629639,305,185,305,184,546,245,546,245
4.31488823890686,305,185,305,184,546,246,546,245
4.351401329040527,305,185,305,184,546,245,546,245
4.3821704387664795,304,185,304,184,546,245,546,245
4.412337064743042,303,185,303,184,546,245,546,245
4.450469493865967,302,184,302,184,546,245,546,245
4.480111360549927,300,183,301,183,545,246,545,245
4.5124194622039795,297,181,298,182,545,247,545,246
4.549278259277344,294,178,295,179,544,247,544,246
4.582399606704712,290,175,291,176,545,249,544,247
4.6123366355896,287,172,287,173,545,249,544,248
4.650045394897461,284,169,284,169,545,250,544,249
4.683825254440308,281,166,280,166,545,250,544,250
4.712914943695068,280,164,277,163,545,250,544,250
4.748520374298096,279,162,275,160,545,250,544,251
4.780428409576416,278,160,274,157,545,249,544,250
4.812051296234131,277,159,272,155,545,249,544,250
4.848574638366699,277,158,272,154,545,249,544,249
4.880371809005737,277,157,272,153,546,251,545,250
4.9121413230896,277,157,273,152,547,250,546,250
4.949069261550903,277,157,273,153,546,249,546,249
4.9801435470581055,277,157,274,153,546,250,546,250
5.012697219848633,277,157,274,153,546,250,546,250
5.049006223678589,277,157,275,154,546,250,546,250
5.080942869186401,277,157,275,155,546,250,546,250
5.114025592803955,277,157,276,155,546,250,546,250
5.147688865661621,277,157,276,156,547,252,546,250
5.179172515869141,277,156,276,155,547,253,546,252
5.212643384933472,277,156,276,155,546,251,546,251
5.249079942703247,277,156,277,155,546,251,546,251
5.280841588973999,277,156,277,155,546,251,546,251
5.3135905265808105,277,156,277,155,546,250,546,251
5.348467588424683,277,156,277,155,546,250,546,250
5.38144588470459,277,156,277,155,547,251,546,250
5.412128686904907,277,156,277,155,547,253,546,251
5.448498487472534,277,156,277,155,547,254,546,252
5.48168158531189,277,156,277,155,547,253,547,253
5.5121660232543945,277,156,277,155,547,253,547,253
5.548967599868774,277,156,277,155,548,254,547,254
5.582916975021362,277,156,277,155,547,255,547,254
5.614779233932495,277,156,277,155,546,256,546,255
5.645791053771973,277,156,277,156,547,259,546,257
5.680950880050659,277,156,277,156,547,261,546,259
5.712293386459351,277,156,276,156,547,263,547,262
5.745081663131714,277,156,276,156,547,266,547,265
5.7818827629089355,277,156,276,156,547,276,547,271
5.812797784805298,277,156,276,156,548,281,547,278
5.844757318496704,277,156,276,156,549,284,548,283
5.8808417320251465,277,157,276,156,549,284,548,287
5.912569046020508,277,157,276,156,547,282,548,288
5.944542169570923,277,157,276,157,,,,
5.981246709823608,277,157,276,157,,,,
6.012450695037842,277,157,276,157,,,,
6.044161081314087,277,157,276,157,,,,
6.080899715423584,277,157,276,157,,,,
6.112474203109741,277,157,276,157,,,,
6.144454717636108,278,157,277,157,,,,
6.180022954940796,278,157,277,157,,,,
6.211850166320801,278,157,277,157,,,,
6.244612455368042,278,157,278,157,,,,
6.282163381576538,277,157,277,157,,,,
6.312057971954346,277,157,277,157,,,,
6.345008373260498,277,157,277,157,,,,
6.380595684051514,276,157,276,157,,,,
6.413371324539185,275,157,275,157,,,,
6.444063186645508,274,157,274,156,,,,
6.48050332069397,273,157,273,156,,,,
6.511865854263306,272,157,272,156,,,,
6.5448784828186035,271,157,271,156,,,,
6.580545902252197,270,158,269,157,,,,
6.6124656200408936,269,159,268,158,,,,
6.644538164138794,268,159,267,158,,,,
6.680422782897949,267,159,266,159,,,,
6.711955308914185,266,159,265,159,,,,
6.744943857192993,265,159,264,159,,,,
6.780296564102173,264,159,263,159,,,,
6.812458515167236,263,159,261,159,,,,
6.844236850738525,262,159,260,159,,,,
6.880873918533325,260,159,259,159,,,,
6.912809371948242,259,159,258,159,,,,
6.944594144821167,258,159,256,159,,,,
6.980268239974976,257,159,255,159,,,,
7.012512683868408,256,159,254,159,,,,
7.0439372062683105,256,159,254,159,,,,
7.080549716949463,255,159,253,159,,,,
7.1126158237457275,254,159,252,159,,,,
7.145836591720581,254,159,252,159,,,,
7.180394411087036,253,159,251,158,,,,
7.212766170501709,252,159,251,158,,,,
7.246657609939575,252,159,250,158,,,,
7.281183481216431,251,159,250,158,,,,
7.312844514846802,251,159,249,158,,,,
7.344529867172241,250,159,249,158,,,,
7.380302906036377,250,159,249,158,,,,
7.413678407669067,250,159,248,158,,,,
7.444023609161377,250,159,248,158,,,,
7.480717182159424,250,160,249,159,,,,
7.511992692947388,251,160,249,159,,,,
7.544618606567383,252,160,250,159,,,,
7.582042455673218,253,160,251,160,,,,
7.61242413520813,255,160,253,160,,,,
7.6456873416900635,257,161,255,160,,,,
7.681439161300659,260,162,258,161,,,,
7.712668180465698,263,162,261,162,,,,
7.7443625926971436,266,161,265,161,,,,
7.776119232177734,269,159,268,160,,,,
7.813333749771118,271,155,271,158,,,,
7.844011545181274,273,150,274,154,,,,
7.876792907714844,274,145,276,148,,,,
7.912250757217407,273,138,277,142,,,,
7.944653034210205,272,132,277,134,,,,
7.976662635803223,271,125,276,126,,,,
8.013062238693237,269,119,274,119,,,,
8.046190977096558,267,113,271,111,,,,
8.076730728149414,266,108,269,104,,,,
8.112650156021118,265,104,266,98,,,,
8.145001411437988,264,101,264,93,,,,
8.177379131317139,264,99,263,90,,,,
8.212662696838379,265,98,263,88,,,,
8.244598388671875,266,98,263,88,,,,
8.276981592178345,267,99,264,89,,,,
8.312686920166016,267,99,265,90,,,,
8.344730377197266,268,100,266,92,,,,
8.377934455871582,269,101,267,94,,,,
8.412582874298096,269,102,268,97,,,,
8.443945169448853,269,103,269,99,,,,
8.476623058319092,269,104,269,101,,,,
8.512192249298096,269,105,269,103,,,,
8.545520782470703,269,106,269,105,,,,
8.575566291809082,270,107,270,107,,,,
8.613576412200928,271,108,270,108,,,,
8.64478325843811,271,108,271,109,,,,
8.67686939239502,271,109,271,110,522,284,536,289
8.713310718536377,272,109,272,110,523,281,528,288
8.744571447372437,272,110,272,111,523,277,523,285
8.776601076126099,272,110,272,111,535,270,524,279
8.812642097473145,273,111,273,112,540,266,529,273
8.84480619430542,273,111,273,112,543,263,534,267
8.877063989639282,274,111,274,112,545,261,538,262
8.912913799285889,274,111,274,112,546,256,542,257
8.94459581375122,274,111,274,112,547,254,545,252
8.976479291915894,274,112,274,112,548,250,548,248
9.013079166412354,274,112,274,112,549,251,550,245
9.044633626937866,274,112,274,112,549,248,551,243
9.076385498046875,274,112,274,112,551,250,552,243
9.112199544906616,274,112,274,112,549,244,552,241
9.144415140151978,274,113,274,112,549,244,552,239
9.17727017402649,274,113,274,113,549,243,551,238
9.213224411010742,273,113,273,113,548,240,550,237
9.244952201843262,273,113,273,113,548,239,550,236
9.276587963104248,272,113,272,113,547,238,548,235
9.312102556228638,272,114,272,113,547,239,547,235
9.344855785369873,272,114,271,114,547,238,547,235
9.377560138702393,272,114,271,114,547,238,546,235
9.412902116775513,271,114,271,114,547,238,546,235
9.445480585098267,271,115,270,114,546,237,546,235
9.476547718048096,271,115,270,115,546,237,545,235
9.513067960739136,271,115,270,115,545,238,545,236
9.544801950454712,270,115,269,115,545,235,544,235
9.57620882987976,270,115,269,115,545,231,544,233
9.612337350845337,270,115,269,115,544,229,543,230
9.644273519515991,270,116,269,115,533,234,538,231
9.676916599273682,270,116,269,116,,,,
9.712367534637451,270,116,269,116,,,,
9.744720458984375,270,117,269,116,,,,
9.777936458587646,270,117,269,117,,,,
9.808476209640503,269,117,269,117,,,,
9.845828294754028,269,117,269,117,,,,
9.8772611618042,269,117,268,117,,,,
9.91011381149292,268,117,268,117,,,,
9.94469928741455,268,118,267,117,,,,
9.977942943572998,268,118,267,118,,,,
10.008168935775757,267,118,267,118,,,,
10.046042442321777,267,118,266,118,,,,
10.076736211776733,266,118,266,118,,,,
10.10859489440918,266,118,265,118,,,,
10.14502763748169,265,118,264,118,,,,
10.177937507629395,264,118,264,118,,,,
10.207954168319702,264,118,263,118,,,,
10.244174718856812,263,118,262,118,,,,
10.27707290649414,262,119,261,118,,,,
10.308078289031982,261,119,260,118,,,,
10.34445309638977,259,120,259,119,,,,
10.376198768615723,258,120,257,119,,,,
10.409109830856323,257,121,256,120,,,,
10.445719718933105,255,121,254,121,,,,
10.477797031402588,253,122,252,121,,,,
10.508025169372559,252,123,251,122,,,,
10.545866250991821,251,123,249,123,,,,
10.5765221118927,249,123,248,123,,,,
10.608803510665894,247,124,246,124,,,,
10.645904064178467,246,124,244,124,,,,
10.675963640213013,245,124,243,124,,,,
10.708628416061401,244,124,242,124,,,,
10.745750904083252,243,125,241,125,,,,
10.776172637939453,242,125,240,125,,,,
10.80887746810913,241,125,239,125,500,225,520,227
10.844212532043457,241,125,238,125,501,224,507,224
10.876577138900757,240,125,238,125,500,222,498,221
10.90820837020874,239,125,237,125,501,222,492,220
10.944781303405762,239,125,237,125,,,,
10.977554559707642,238,126,236,125,,,,
11.008930206298828,238,126,236,126,,,,
11.044066667556763,238,126,236,126,,,,
11.078277587890625,237,126,236,126,,,,
11.109943866729736,237,126,236,126,,,,
11.14438796043396,237,127,236,126,,,,
11.177233219146729,238,127,236,127,,,,
11.208627700805664,240,127,237,127,,,,
11.244475603103638,242,126,239,126,,,,
11.27943205833435,244,125,242,126,,,,
11.309937477111816,245,123,244,124,,,,
11.344942092895508,246,121,245,122,,,,
11.376920461654663,247,119,247,120,,,,
11.41010856628418,247,117,248,118,,,,
11.445364952087402,247,116,248,115,,,,
11.47719407081604,247,115,249,114,,,,
11.509577989578247,247,115,249,113,,,,
11.545023918151855,247,115,248,112,,,,
11.576478004455566,247,115,248,112,,,,
11.609112739562988,247,115,248,112,,,,
11.64487600326538,247,116,247,113,,,,
11.676590919494629,248,116,248,113,,,,
11.708261013031006,249,117,248,115,,,,
11.7439546585083,249,117,249,115,,,,
11.77618408203125,249,117,249,116,,,,
11.808751583099365,249,117,249,116,,,,
11.844491243362427,249,117,249,117,,,,
11.87663221359253,249,116,249,116,,,,
11.909388542175293,250,116,249,116,,,,
11.940851926803589,251,116,250,116,,,,
11.976419925689697,251,116,251,116,,,,
12.00856876373291,252,116,251,116,,,,
12.042088985443115,253,116,252,116,,,,
12.07614278793335,253,116,253,115,495,247,487,230
12.107978582382202,254,115,254,115,,,,
12.140449047088623,255,115,255,115,,,,
12.177808284759521,255,115,255,114,,,,
12.208232879638672,255,115,256,114,,,,
12.242008209228516,255,115,256,114,,,,
12.27656626701355,255,115,256,114,,,,
12.310012102127075,255,115,256,114,,,,
12.34032154083252,255,115,255,114,,,,
12.378087282180786,255,115,255,114,,,,
12.407999038696289,255,115,255,114,,,,
12.44188642501831,255,115,255,114,,,,
12.476991653442383,255,115,255,114,,,,
12.509690761566162,255,115,255,114,,,,
12.541346311569214,255,115,255,114,,,,
12.577307224273682,255,115,255,114,,,,
12.608465433120728,255,115,255,114,,,,
12.640359163284302,255,116,254,115,,,,
12.67662239074707,255,116,254,115,,,,
12.708779335021973,255,116,254,116,,,,
12.740865468978882,255,116,254,116,,,,
12.776549100875854,255,116,254,116,,,,
12.809175729751587,255,116,254,116,,,,
12.840626001358032,255,116,254,116,,,,
12.876349449157715,255,117,254,116,,,,
12.90882658958435,255,117,254,116,,,,
12.940068244934082,255,117,254,117,,,,
12.976315259933472,255,117,254,117,,,,
13.008303165435791,255,117,254,117,,,,
13.041148662567139,255,117,254,117,,,,
13.076852798461914,255,118,254,117,,,,
13.108548402786255,255,118,255,118,,,,
13.141398668289185,256,118,255,118,,,,
13.177124261856079,256,118,255,118,,,,
13.208539724349976,257,118,256,118,,,,
13.240272998809814,257,118,256,118,,,,
13.276594161987305,257,118,257,118,,,,
13.308843851089478,257,118,257,118,,,,
13.340436458587646,257,118,257,118,,,,
13.376334190368652,257,119,257,118,,,,
13.408387660980225,257,119,257,118,,,,
13.440343141555786,257,119,257,119,,,,
13.476600170135498,257,119,257,119,,,,
13.508739948272705,257,119,257,119,,,,
13.54069447517395,257,119,257,119,,,,
13.576679944992065,257,119,257,119,,,,
13.60838007926941,257,119,257,119,,,,
13.640507459640503,257,119,257,119,,,,
13.67685604095459,257,120,257,119,,,,
13.708857297897339,257,120,257,119,,,,
13.740283012390137,257,120,256,120,,,,
13.776623964309692,257,120,256,120,,,,
13.808549165725708,257,120,256,120,,,,
13.840135335922241,257,120,256,120,,,,
13.877238750457764,258,121,257,120,,,,
13.908343315124512,258,121,257,121,,,,
13.94068193435669,259,121,258,121,,,,
13.972484350204468,259,121,258,121,,,,
14.008345603942871,259,121,259,121,,,,
14.04062008857727,259,121,259,121,,,,
14.072316408157349,259,121,259,121,,,,
14.109090805053711,259,122,259,121,,,,
14.140449285507202,259,122,259,121,,,,
14.172230005264282,259,122,259,122,,,,
14.20948338508606,259,122,259,122,,,,
14.240272998809814,259,122,259,122,,,,
14.273375988006592,259,122,259,122,,,,
14.308779001235962,259,122,259,122,537,245,503,237
14.340627670288086,259,122,259,122,537,243,516,241
14.372602224349976,259,122,259,122,538,245,526,245
14.408621549606323,259,122,259,122,538,244,534,246
14.440213918685913,259,122,259,122,538,246,538,248
14.472905158996582,259,123,258,122,539,248,542,250
14.508551597595215,259,123,258,122,539,248,544,251
14.54059886932373,259,123,258,123,539,248,545,251
14.572253942489624,259,123,258,123,540,248,545,251
14.608755588531494,259,123,258,123,540,248,545,251
14.640304327011108,259,123,258,123,540,248,544,250
14.672542572021484,259,123,258,123,540,247,544,249
14.710756778717041,259,123,258,123,540,249,543,249
14.741037130355835,259,123,258,123,540,250,542,250
14.77480435371399,260,123,259,123,540,251,541,251
14.810911893844604,261,123,260,123,,,,
14.842844724655151,261,123,260,123,543,252,542,251
14.872647285461426,261,123,261,123,542,250,542,251
14.910792112350464,261,123,261,123,541,250,542,251
14.94258713722229,261,124,261,123,541,251,541,251
14.974876403808594,261,124,261,123,541,251,541,251
15.010273456573486,261,124,261,124,542,253,541,252
15.04308271408081,261,124,261,124,542,254,541,253
15.073604345321655,261,124,261,124,,,,
15.108191967010498,261,124,261,124,,,,
15.14053988456726,261,124,261,124,,,,
15.172169923782349,261,124,261,124,543,250,542,252
15.2086341381073,261,124,261,124,543,251,542,251
15.241536140441895,261,124,261,124,543,250,543,251
15.272407293319702,261,124,261,124,,,,
15.308523654937744,261,124,261,124,543,252,543,251
15.340404033660889,261,124,261,124,543,251,543,251
15.372389793395996,261,124,260,124,543,253,543,251
15.408864736557007,261,124,260,124,,,,
15.440416812896729,260,124,260,124,,,,
15.473147630691528,260,124,260,124,,,,
15.50856328010559,260,124,259,123,542,255,542,253
15.541181087493896,261,125,260,124,,,,
15.5726637840271,261,125,260,124,542,255,542,254
15.608653545379639,262,126,261,125,542,254,542,254
15.640457391738892,264,127,262,126,,,,
15.674887895584106,265,129,263,127,,,,
15.71015477180481,266,131,265,129,,,,
15.742088317871094,266,133,266,132,,,,
15.772686243057251,266,135,266,134,543,258,542,256
15.809336185455322,265,138,266,137,543,256,542,257
15.840178489685059,263,141,265,140,544,254,543,256
15.872490167617798,261,145,263,144,544,253,543,255
15.908285140991211,259,149,261,148,544,255,544,255
15.940281391143799,256,153,258,153,544,252,544,253
15.972074508666992,254,155,255,156,544,255,544,254
16.00834584236145,253,157,253,160,544,251,544,252
16.040438652038574,251,159,250,162,544,254,544,252
16.072465419769287,249,160,248,164,544,251,544,251
16.1043701171875,248,159,246,164,543,255,543,252
16.14012360572815,247,156,244,163,543,257,543,254
16.174529552459717,245,152,243,159,542,256,542,255
16.204619646072388,244,148,241,155,541,257,541,256
16.242135524749756,243,144,240,150,,,,
16.272754430770874,242,140,239,144,541,256,541,256
16.304646253585815,241,135,238,138,,,,
16.34028935432434,240,130,237,131,541,252,540,254
16.372086763381958,240,125,237,125,540,251,539,253
16.4060697555542,240,120,237,119,540,249,539,251
16.44019055366516,241,115,238,113,540,248,539,249
16.472426414489746,242,110,239,107,540,247,539,247
16.504184007644653,243,106,240,101,,,,
16.5408353805542,245,102,242,96,,,,
16.57232093811035,249,98,245,92,,,,
16.604047060012817,252,95,249,88,,,,
16.642422199249268,256,92,253,85,,,,
16.672865390777588,260,89,258,82,,,,
16.70427131652832,264,86,263,80,,,,
16.74263596534729,269,83,268,77,,,,
16.774532556533813,272,80,273,75,,,,
16.804465532302856,275,77,277,72,,,,
16.843121767044067,278,73,281,69,,,,
16.87250328063965,280,69,284,66,,,,
16.90487790107727,282,66,286,62,,,,
16.940142393112183,284,64,288,60,,,,
16.971958875656128,286,62,290,57,539,243,538,244
17.003892421722412,288,62,292,56,,,,
17.043236255645752,290,62,294,56,538,236,538,239
17.07282280921936,293,62,296,56,,,,
17.104129552841187,295,63,297,57,539,242,538,238
17.142574787139893,297,64,299,59,539,240,538,237
17.172077655792236,298,65,301,61,,,,
17.20406699180603,299,66,302,62,539,247,538,239
17.240967512130737,299,67,302,64,,,,
17.273682594299316,299,69,302,67,,,,
17.30449867248535,298,70,301,69,,,,
17.340174436569214,297,71,300,70,,,,
17.372311115264893,296,71,299,72,,,,
17.405420303344727,295,72,297,73,,,,
17.440989017486572,293,72,295,73,,,,
17.472952365875244,291,72,292,73,,,,
17.503984212875366,289,72,290,73,,,,
17.54032802581787,286,73,287,74,,,,
17.572816848754883,284,73,284,74,,,,
17.60542392730713,281,73,281,74,,,,
17.64057183265686,279,73,278,74,,,,
17.672703504562378,277,74,275,74,,,,
17.70422601699829,275,74,272,74,,,,
17.741580963134766,272,74,270,74,,,,
17.771963834762573,269,75,267,75,,,,
17.804433584213257,267,75,264,75,,,,
17.840608596801758,264,76,261,75,,,,
17.873626232147217,262,77,259,76,,,,
17.9046368598938,259,77,256,77,,,,
17.943532466888428,256,77,253,77,,,,
17.973270416259766,254,77,251,77,,,,
18.006038904190063,252,78,248,78,,,,
18.040250539779663,250,78,246,78,,,,
18.07392454147339,248,78,244,78,,,,
18.104789972305298,246,78,243,78,,,,
18.137280225753784,245,78,241,78,,,,
18.175122499465942,244,79,240,79,,,,
18.207132577896118,244,79,240,79,,,,
18.238199472427368,245,79,240,79,,,,
18.27484703063965,246,79,241,79,,,,
18.30400776863098,247,79,243,79,,,,
18.339025735855103,249,79,245,79,,,,
18.373902797698975,251,79,247,79,,,,
18.40464210510254,254,79,251,79,,,,
18.438668727874756,257,78,254,78,,,,
18.47271704673767,261,78,258,78,,,,
18.503926753997803,266,78,264,78,,,,
18.5383141040802,271,78,269,77,,,,
18.573378562927246,276,78,275,77,,,,
18.604416370391846,281,78,281,77,,,,
18.636394500732422,286,78,287,77,,,,
18.676671981811523,291,78,293,77,,,,
18.704358339309692,296,78,299,77,,,,
18.736719846725464,301,78,304,77,,,,
18.775205850601196,306,79,310,78,,,,
18.80534815788269,310,79,315,78,,,,
18.83696985244751,315,79,320,78,546,255,541,245
18.87279987335205,319,80,324,79,546,255,543,250
18.904480457305908,323,80,328,79,547,255,546,253
18.937803983688354,326,80,332,80,547,251,547,253
18.97393226623535,329,81,335,80,547,247,548,251
19.004762649536133,333,81,338,81,547,245,548,249
19.036646842956543,335,82,341,81,547,244,548,247
19.072928428649902,337,83,343,82,548,258,549,251
19.104458808898926,340,83,345,83,,,,
19.136603593826294,342,84,347,84,548,245,549,249
19.174142122268677,344,84,348,84,,,,
19.205520391464233,346,85,350,85,551,246,550,247
19.23631739616394,347,85,351,85,,,,
19.272915601730347,348,85,352,85,,,,
19.307064533233643,348,85,352,86,,,,
19.337053537368774,348,85,352,85,,,,
19.372800588607788,347,85,351,85,,,,
19.404322147369385,346,85,349,85,,,,
19.438946962356567,344,85,347,85,,,,
19.472641944885254,341,85,344,85,,,,
19.506288766860962,339,85,341,85,,,,
19.53597617149353,335,84,337,84,,,,
19.575063705444336,332,84,333,84,,,,
19.604684114456177,328,84,329,84,,,,
19.638269186019897,324,83,324,83,,,,
19.673425912857056,319,83,319,83,,,,
19.705820083618164,315,82,314,82,,,,
19.73680019378662,310,82,308,81,,,,
19.773841381072998,304,82,302,81,,,,
19.80458927154541,299,82,296,81,,,,
19.83877396583557,293,82,290,81,,,,
19.87450337409973,287,82,284,81,,,,
19.90635585784912,281,82,277,81,,,,
19.936302661895752,276,82,271,81,,,,
19.972333431243896,271,82,265,81,,,,
20.006597757339478,265,82,259,81,,,,
20.038231372833252,260,82,254,81,,,,
20.074541330337524,255,82,249,81,,,,
20.10586428642273,251,83,244,82,,,,
20.13658618927002,247,83,240,82,,,,
20.17242980003357,243,84,236,83,,,,
20.206106424331665,241,84,233,83,,,,
20.236825227737427,239,85,231,84,,,,
20.271188974380493,237,85,229,85,,,,
20.3078351020813,236,85,228,85,,,,
20.33675765991211,235,85,228,85,,,,
20.368877410888672,235,85,228,85,,,,
20.405521392822266,237,85,230,85,,,,
20.436534643173218,239,85,232,85,,,,
20.46873903274536,242,85,236,85,,,,
20.50426459312439,247,84,240,84,447,253,504,249
20.536922454833984,252,84,246,84,,,,
20.568803548812866,258,83,253,83,463,253,478,251
20.60538101196289,265,82,261,82,467,253,462,252
20.636226654052734,272,82,269,82,471,253,454,253
20.66815757751465,280,81,278,81,477,253,453,253
20.703917026519775,288,81,288,80,,,,
20.737475633621216,296,81,297,80,,,,
20.76799726486206,304,81,307,80,,,,
20.8046452999115,313,82,316,80,547,254,486,254
20.836753368377686,321,83,326,81,547,254,511,254
20.869807243347168,329,84,335,82,546,261,529,258
20.90651774406433,337,86,344,84,546,264,542,261
20.936529874801636,345,88,352,86,546,266,551,265
20.968739986419678,351,89,360,88,545,265,555,266
21.004751443862915,352,90,364,89,549,268,559,269
21.036355018615723,356,91,368,91,,,,
21.068180799484253,359,92,370,92,,,,
21.10405468940735,359,92,371,93,,,,
21.136754035949707,359,92,371,94,,,,
21.168070793151855,359,93,369,94,,,,
21.204800844192505,359,93,368,94,,,,
21.23627543449402,358,93,365,94,,,,
21.268198251724243,357,93,363,94,,,,
21.30411124229431,355,93,360,94,,,,
21.33731508255005,353,93,357,94,,,,
21.36980891227722,350,94,353,94,,,,
21.404515504837036,347,93,349,93,,,,
21.435997009277344,343,93,345,93,,,,
21.468830108642578,340,93,340,93,,,,
21.504369258880615,337,93,336,93,549,250,560,262
21.538042783737183,334,93,332,93,,,,
21.569676160812378,331,92,328,92,,,,
21.60412049293518,329,91,325,91,,,,
21.63599395751953,326,90,322,90,,,,
21.668635368347168,324,89,320,89,,,,
21.705750942230225,322,88,318,88,,,,
21.73617959022522,320,87,316,87,,,,
21.769620656967163,318,87,314,86,,,,
21.80459976196289,316,86,312,85,,,,
21.836146354675293,315,86,311,84,549,259,560,261
21.868494987487793,313,86,309,84,,,,
21.90600895881653,312,87,308,85,547,256,559,259
21.936288118362427,312,90,308,86,545,255,556,256
21.968211889266968,310,91,307,88,547,261,554,258
22.004013061523438,310,91,307,89,548,262,552,259
22.036718606948853,308,89,306,89,547,260,551,259
22.068231344223022,307,86,305,88,547,264,549,261
22.106004238128662,307,82,304,85,,,,
22.136242866516113,307,79,304,82,546,271,548,266
22.169623613357544,306,77,304,78,545,263,546,265
22.204639196395874,306,75,304,75,545,260,545,264
22.236547470092773,306,74,304,73,544,257,544,261
22.268611192703247,306,74,304,71,543,256,543,258
22.30208444595337,305,75,304,71,544,261,542,259
22.33699321746826,305,78,304,72,544,265,542,261
22.36843228340149,305,82,304,75,543,263,542,262
22.40310287475586,305,87,304,80,544,265,542,263
22.437812328338623,305,92,304,86,,,,
22.468992710113525,304,96,304,92,544,257,542,261
22.500882148742676,303,98,303,97,544,257,543,259
22.537044048309326,305,97,303,99,544,258,543,258
22.568276166915894,305,94,304,99,545,262,543,259
22.600728750228882,307,87,305,96,545,263,544,260
22.63751769065857,307,79,306,89,545,263,544,261
22.668351888656616,307,68,306,79,,,,
22.70026135444641,307,59,307,68,543,256,544,259
22.736409902572632,308,51,307,57,544,257,544,258
22.768434524536133,309,45,308,46,544,257,544,257
22.801294803619385,311,43,310,39,544,257,544,256
22.836407899856567,313,44,312,35,544,257,544,256
22.8687481880188,315,49,314,35,544,257,543,256
22.901807069778442,317,57,316,40,544,257,543,256
22.936803340911865,319,67,319,49,544,256,543,255
22.97011113166809,318,81,320,62,545,260,544,257
23.00092124938965,316,94,319,78,545,259,544,258
23.036436557769775,310,104,316,93,546,262,545,259
23.069105625152588,303,112,310,108,546,264,545,262
23.100271224975586,296,116,303,119,546,265,546,264
23.136675119400024,286,115,293,125,546,265,546,265
23.170348167419434,276,109,282,126,546,264,546,265
23.200507879257202,268,100,271,120,547,265,546,266
23.23780655860901,263,89,261,111,547,266,547,267
23.268490314483643,262,77,255,97,,,,
23.30155086517334,264,65,252,82,544,255,546,262
23.33727264404297,269,54,254,66,544,261,545,261
23.369849920272827,277,46,259,51,544,260,544,260
23.400509357452393,287,40,269,39,544,263,544,261
23.436076879501343,299,40,282,31,544,264,543,262
23.46862506866455,312,41,297,27,544,265,543,263
23.502403736114502,323,46,313,28,544,265,543,264
23.53772759437561,331,52,327,33,544,264,543,264
23.568047285079956,336,60,338,41,544,262,543,263
23.60091257095337,339,68,347,51,545,261,544,262
23.638068914413452,338,75,351,62,545,262,544,262
23.668092250823975,335,82,351,73,545,263,544,262
23.701802968978882,331,89,348,84,546,265,545,263
23.738160133361816,329,95,344,93,547,265,546,264
23.76895022392273,329,100,340,102,547,266,546,265
23.800841808319092,331,103,338,109,547,269,547,267
23.837966442108154,336,105,338,113,547,269,547,268
23.8688223361969,341,103,340,114,546,270,547,270
23.90194797515869,346,99,344,112,546,270,546,270
23.937071323394775,350,91,348,107,546,270,546,271
23.968327522277832,352,81,352,97,545,269,545,271
24.00024104118347,350,70,353,85,545,270,545,271
24.036988019943237,345,59,351,71,544,267,544,269
24.068631410598755,339,48,347,56,544,269,544,269
24.100106954574585,330,39,340,42,544,269,543,269
24.137627124786377,320,31,330,30,,,,
24.170017957687378,309,27,318,20,545,273,543,271
24.200989484786987,299,25,305,13,,,,
24.237348079681396,288,26,291,11,545,272,544,271
24.26916813850403,280,29,279,11,544,271,543,271
24.301169633865356,272,34,268,15,543,271,543,271
24.332175254821777,265,42,258,23,543,271,542,271
24.370909690856934,260,51,250,33,542,272,542,272
24.401630401611328,255,61,243,46,541,271,541,271
24.43333864212036,253,72,239,60,541,272,540,272
24.468421697616577,252,83,237,74,540,271,539,271
24.502957820892334,,,,,540,272,539,271
24.53261089324951,,,,,,,,
24.570533514022827,,,,,541,268,539,270
24.60092258453369,286,127,252,104,541,269,539,269
24.63233733177185,291,129,267,125,541,270,540,269
24.668482542037964,302,131,283,140,541,271,540,269
24.702746391296387,315,132,300,149,542,270,540,269
24.733760356903076,325,131,317,153,542,270,541,269
24.77042555809021,337,129,333,152,541,270,541,269
24.80090045928955,345,125,347,149,,,,
24.834830284118652,354,118,360,141,543,268,542,268
24.86949062347412,362,111,371,131,,,,
24.90243148803711,368,103,380,120,541,268,541,268
24.93242645263672,372,94,387,107,541,266,541,266
24.97088623046875,374,85,390,94,,,,
25.00052833557129,374,75,391,81,,,,
25.034644603729248,373,65,390,67,,,,
25.068474769592285,370,55,387,54,,,,
25.100148677825928,365,47,381,42,,,,
25.133320093154907,357,39,372,31,,,,
25.168283462524414,349,33,362,22,,,,
25.20144009590149,340,28,350,15,,,,
25.232284545898438,330,25,338,11,,,,
25.26906394958496,320,25,325,9,,,,
25.300305366516113,309,26,311,9,,,,
25.33517050743103,299,29,298,12,,,,
25.36822819709778,289,34,285,17,,,,
25.400649309158325,281,40,274,25,,,,
25.433051824569702,273,48,263,34,,,,
25.469159364700317,267,58,255,46,,,,
25.50235915184021,263,70,249,59,,,,
25.532806873321533,260,82,245,74,,,,
25.56927514076233,259,93,243,89,,,,
25.60109543800354,261,104,244,103,,,,
25.634411573410034,268,115,249,118,,,,
25.669115781784058,275,123,257,130,,,,
25.702869415283203,284,128,267,139,,,,
25.73349356651306,295,131,280,146,,,,
25.768511533737183,307,130,294,148,,,,
25.800947904586792,317,127,309,147,,,,
25.832297801971436,325,120,323,141,,,,
25.868777751922607,331,110,334,131,,,,
25.90277671813965,333,99,342,119,,,,
25.93334650993347,334,86,346,103,,,,
25.968133449554443,335,74,349,86,,,,
26.00083637237549,338,64,350,71,,,,
26.03198790550232,342,58,352,57,,,,
26.069072008132935,347,55,355,47,,,,
26.101858377456665,353,55,358,42,,,,
26.132763385772705,356,56,362,40,,,,
26.17053985595703,357,58,364,41,,,,
26.20062565803528,354,60,363,43,541,269,541,267
26.234509229660034,347,62,359,47,542,268,541,267
26.269033193588257,337,65,350,52,544,266,542,266
26.30099654197693,326,69,339,58,545,265,543,265
26.33263897895813,314,74,326,65,543,270,543,266
26.371190071105957,301,81,310,73,544,265,544,265
26.400710344314575,286,90,293,83,,,,
26.43310046195984,264,96,272,92,,,,
26.46446418762207,244,106,249,103,,,,
26.50241446495056,225,119,225,116,,,,
26.532206773757935,207,135,202,131,,,,
26.567152738571167,,,,,,,,
26.60106611251831,,,,,,,,
26.632635593414307,140,225,158,181,,,,
26.664626121520996,131,238,125,222,,,,
26.702357530593872,117,260,98,259,,,,
26.732683658599854,103,287,76,295,,,,
26.767448902130127,90,315,59,329,,,,
26.80131196975708,77,344,44,363,,,,
26.83239221572876,62,375,31,396,,,,
26.864323139190674,45,406,17,429,,,,
26.900325536727905,32,432,5,460,,,,
26.93231177330017,21,451,-4,486,,,,
26.96655774116516,,,,,,,,
27.003024339675903,,,,,,,,
27.0344877243042,,,,,,,,
27.064833402633667,,,,,,,,
27.102364540100098,,,,,,,,
27.132375478744507,,,,,,,,
27.166372060775757,,,,,,,,
27.200571060180664,,,,,,,,
27.234342098236084,,,,,,,,
27.26442837715149,,,,,,,,
27.30148935317993,,,,,,,,
27.332448720932007,,,,,,,,
27.36490225791931,,,,,,,,
27.40063452720642,,,,,,,,
27.432210445404053,,,,,,,,
27.46712565422058,,,,,,,,
27.503762245178223,,,,,,,,
27.535425662994385,,,,,,,,
27.56535005569458,,,,,,,,
27.601040601730347,,,,,,,,
27.632368803024292,,,,,,,,
27.66520881652832,,,,,,,,
27.70002317428589,,,,,,,,
27.732261896133423,,,,,,,,
27.764280319213867,,,,,,,,
27.80023217201233,,,,,,,,
27.83262038230896,,,,,,,,
27.86420965194702,,,,,,,,
27.900228023529053,,,,,,,,
27.93211340904236,,,,,,,,
27.964293956756592,,,,,,,,
28.000202178955078,,,,,,,,
28.03227138519287,,,,,,,,
28.06439971923828,,,,,,,,
28.100541353225708,,,,,,,,
28.132203340530396,,,,,,,,
28.164267778396606,,,,,,,,
28.20034098625183,,,,,,,,
28.23305058479309,,,,,,,,
28.264341831207275,,,,,,,,
28.30052924156189,,,,,,,,
28.33261799812317,,,,,,,,
28.363932371139526,,,,,,,,
28.400778770446777,,,,,,,,
28.43217420578003,,,,,,,,
28.464407682418823,,,,,,,,
28.49652862548828,,,,,,,,
28.532672882080078,,,,,,,,
28.564114809036255,,,,,,,,
28.596405267715454,,,,,,,,
28.632107734680176,,,,,,,,
28.66441583633423,,,,,,,,
28.6960129737854,,,,,,,,
28.732450008392334,,,,,,,,
28.764286994934082,,,,,,,,
28.796715021133423,,,,,,,,
28.83308506011963,,,,,,,,
28.86433434486389,,,,,,,,
28.897871255874634,,,,,,,,
28.932978868484497,,,,,,,,
28.965558290481567,,,,,,,,
28.99654245376587,,,,,,,,
29.032550811767578,,,,,,,,
29.064855813980103,,,,,,,,
29.09640407562256,,,,,,,,
29.133166551589966,,,,,,,,
29.164817333221436,,,,,,,,
29.196949005126953,,,,,,,,
29.232227563858032,,,,,,,,
29.264644145965576,,,,,,,,
29.29647922515869,,,,,,,,
29.333096265792847,,,,,,,,
29.364255905151367,,,,,,,,
29.3964421749115,,,,,,,,
29.432315826416016,,,,,,,,
29.464263677597046,,,,,,,,
29.497009992599487,,,,,,,,
29.532521963119507,,,,,,,,
29.563989877700806,,,,,,,,
29.596960067749023,,,,,,,,
29.632808685302734,,,,,,,,
29.664466381072998,,,,,,,,
29.696129083633423,,,,,,,,
29.732502698898315,,,,,,,,
29.764453887939453,,,,,,,,
29.79640555381775,,,,,,,,
29.834489345550537,,,,,,,,
29.864836931228638,,,,,,,,
29.8969247341156,,,,,,,,
29.932767152786255,,,,,,,,
29.96660614013672,,,,,,,,
29.99673104286194,,,,,,,,
30.032355308532715,,,,,,,,
30.06468105316162,,,,,,,,
30.096286296844482,,,,,,,,
30.132943630218506,,,,,,,,
30.1662437915802,,,,,,,,
30.196624279022217,,,,,,,,
30.23504662513733,,,,,,,,
30.265244245529175,,,,,,,,
30.29885506629944,,,,,,,,
30.334901094436646,,,,,,,,
30.36405611038208,,,,,,,,
30.396953105926514,,,,,,,,
30.434443950653076,,,,,,,,
30.464925050735474,,,,,,,,
30.497065782546997,,,,,,,,
30.53258776664734,,,,,,,,
30.565510034561157,,,,,,,,
30.596111059188843,,,,,,,,
30.630319356918335,,,,,,,,
30.664692163467407,,,,,,,,
30.69628095626831,,,,,,,,
30.72825598716736,,,,,,,,
30.766284704208374,,,,,,,,
30.79715347290039,,,,,,,,
30.828127145767212,,,,,,,,
30.86463189125061,,,,,,,,
30.897984266281128,,,,,,,,
30.928519248962402,,,,,,,,
30.964008569717407,,,,,,,,
30.99813437461853,,,,,,,,
31.028061151504517,,,,,,,,
31.06530523300171,,,,,,,,
31.097257137298584,,,,,,,,
31.128729820251465,,,,,,,,
31.164846420288086,,,,,,,,
31.1971333026886,,,,,,,,
31.22921371459961,,,,,,,,
31.265239238739014,,,,,,,,
31.29697346687317,,,,,,,,
31.32850480079651,,,,,,,,
31.364696502685547,,,,,,,,
31.397052764892578,,,,,,,,
31.429093837738037,,,,,,,,
31.464346170425415,,,,,,,,
31.496192693710327,,,,,,,,
31.52867102622986,,,,,,,,
31.56468367576599,,,,,,,,
31.59625482559204,,,,,,,,
31.62789797782898,,,,,,,,
31.66488003730774,,,,,,,,
31.69632840156555,,,,,,,,
31.72948169708252,,,,,,,,
31.765523433685303,,,,,,,,
31.797389030456543,,,,,,,,
31.828495740890503,,,,,,,,
31.8645761013031,,,,,,,,
31.897093534469604,,,,,,,,
31.92855954170227,,,,,,,,
31.964555025100708,,,,,,,,
31.997111797332764,,,,,,,,
32.0289146900177,,,,,,,,
32.06477403640747,,,,,,,,
32.09680390357971,,,,,,,,
32.129321575164795,,,,,,,,
32.164968729019165,,,,,,,,
32.19836401939392,,,,,,,,
32.22824287414551,,,,,,,,
32.26465582847595,,,,,,,,
32.29732799530029,,,,,,,,
32.32907295227051,,,,,,,,
32.36403727531433,,,,,,,,
32.396870136260986,,,,,,,,
32.42966842651367,,,,,,,,
32.46585178375244,,,,,,,,
32.49720096588135,,,,,,,,
32.528467893600464,,,,,,,,
32.56433415412903,,,,,,,,
32.59605050086975,,,,,,,,
32.62815713882446,,,,,,,,
32.66058802604675,,,,,,,,
32.69685077667236,,,,,,,,
32.72886657714844,,,,,,,,
32.7606999874115,,,,,,,,
32.79745697975159,,,,,,,,
32.828380823135376,,,,,,,,
32.860804319381714,,,,,,,,
32.89690041542053,,,,,,,,
32.92882704734802,,,,,,,,
32.96048140525818,,,,,,,,
32.997917890548706,,,,,,,,
33.02863931655884,,,,,,,,
33.06108236312866,,,,,,,,
33.09695386886597,,,,,,,,
33.128369092941284,,,,,,,,
33.1615936756134,,,,,,,,
33.19602847099304,,,,,,,,
33.22904992103577,,,,,,,,
33.26035261154175,,,,,,,,
33.296382427215576,,,,,,,,
33.329530239105225,,,,,,,,
33.3606379032135,,,,,,,,
33.396525382995605,,,,,,,,
33.42857623100281,,,,,,,,
33.46090531349182,,,,,,,,
33.498069047927856,,,,,,,,
33.529855489730835,,,,,,,,
33.56063199043274,,,,,,,,
33.596843004226685,,,,,,,,
33.62808346748352,,,,,,,,
33.66008639335632,,,,,,,,
33.697179079055786,,,,,,,,
33.72850036621094,,,,,,,,
33.760449171066284,,,,,,,,
33.79638648033142,,,,,,,,
33.828529834747314,,,,,,,,
33.86078882217407,,,,,,,,
33.897035121917725,,,,,,,,
33.92817211151123,,,,,,,,
33.95995116233826,,,,,,,,
33.99595236778259,,,,,,,,
34.027981758117676,,,,,,,,
34.06008052825928,,,,,,,,
34.096370697021484,,,,,,,,
34.12794375419617,,,,,,,,
34.161415815353394,,,,,,,,
34.19647717475891,,,,,,,,
34.22904896736145,,,,,,,,
34.26089692115784,,,,,,,,
34.296382904052734,,,,,,,,
34.32848143577576,,,,,,,,
34.360432863235474,,,,,,,,
34.396843910217285,,,,,,,,
34.428656339645386,,,,,,,,
34.461204528808594,,,,,,,,
34.497053384780884,,,,,,,,
34.52875256538391,,,,,,,,
34.55987572669983,,,,,,,,
34.596481800079346,,,,,,,,
34.62796592712402,,,,,,,,
34.660096406936646,,,,,,,,
34.69635248184204,,,,,,,,
34.72792601585388,,,,,,,,
34.76016688346863,,,,,,,,
34.792251110076904,,,,,,,,
34.82856845855713,,,,,,,,
34.860092639923096,,,,,,,,
34.89471888542175,,,,,,,,
34.928410053253174,,,,,,,,
34.96344256401062,,,,,,,,
34.992544651031494,,,,,,,,
35.02835750579834,,,,,,,,
35.06060528755188,,,,,,,,
35.09356474876404,,,,,,,,
35.12867212295532,,,,,,,,
35.16008496284485,,,,,,,,
35.1927649974823,,,,,,,,
35.228204011917114,,,,,,,,
35.26034760475159,,,,,,,,
35.29472351074219,,,,,,,,
35.331289291381836,,,,,,,,
35.36278414726257,,,,,,,,
35.392372846603394,,,,,,,,
35.430381774902344,,,,,,,,
35.46139740943909,,,,,,,,
35.49435305595398,,,,,,,,
35.528176069259644,,,,,,,,
35.56286883354187,,,,,,,,
35.59236550331116,,,,,,,,
35.6286404132843,,,,,,,,
35.66063714027405,,,,,,,,
35.69427132606506,,,,,,,,
35.728485345840454,,,,,,,,
35.762972593307495,,,,,,,,
35.79210615158081,,,,,,,,
35.83065342903137,,,,,,,,
35.86013412475586,,,,,,,,
35.894646406173706,,,,,,,,
35.92890691757202,,,,,,,,
35.962427854537964,,,,,,,,
35.992873668670654,,,,,,,,
36.028141498565674,,,,,,,,
36.060080766677856,,,,,,,,
36.09416151046753,,,,,,,,
36.129910945892334,,,,,,,,
36.16024565696716,,,,,,,,
36.192363023757935,,,,,,,,
36.228110790252686,,,,,,,,
36.26163959503174,,,,,,,,
36.29393982887268,,,,,,,,
36.32824730873108,,,,,,,,
36.36070418357849,,,,,,,,
36.39244508743286,,,,,,,,
36.43042254447937,,,,,,,,
36.46123909950256,,,,,,,,
36.49261832237244,,,,,,,,
36.528563261032104,,,,,,,,
36.560184478759766,,,,,,,,
36.593929290771484,,,,,,,,
36.628430128097534,,,,,,,,
0.18949580192565918,,,,,,,,
0.28400230407714844,,,,,,,,
0.28939175605773926,,,,,,,,
0.2946465015411377,,,,,,,,
0.31583499908447266,,,,,,,,
0.3478066921234131,,,,,,,,
0.3842134475708008,,,,,,,,
0.41597580909729004,,,,,,,,
0.4478724002838135,,,,,,,,
0.4842686653137207,,,,,,,,
0.5158569812774658,,,,,,,,
0.5479376316070557,,,,,,,,
0.5842480659484863,,,,,,,,
0.6159193515777588,,,,,,,,
0.6479918956756592,,,,,,,,
0.684704065322876,,,,,,,,
0.7162199020385742,,,,,,,,
0.7481565475463867,,,,,,,,
0.7842233180999756,,,,,,,,
0.8162610530853271,,,,,,,,
0.8479797840118408,,,,,,,,
0.8850891590118408,,,,,,,,
0.9164307117462158,,,,,,,,
0.9478194713592529,,,,,,,,
0.9846460819244385,,,,,,,,
1.016789197921753,,,,,,,,
1.0495562553405762,,,,,,,,
1.0874733924865723,,,,,,,,
1.1177153587341309,,,,,,,,
1.1484894752502441,,,,,,,,
1.1842243671417236,,,,,,,,
1.2163012027740479,,,,,,,,
1.2478852272033691,,,,,,,,
1.2840263843536377,,,,,,,,
1.3177013397216797,,,,,,,,
1.3481030464172363,,,,,,,,
1.3857402801513672,,,,,,,,
1.41807222366333,,,,,,,,
1.4495501518249512,,,,,,,,
1.4814627170562744,,,,,,,,
1.5161404609680176,,,,,,,,
1.5495121479034424,,,,,,,,
1.5799643993377686,,,,,,,,
1.6166083812713623,,,,,,,,
1.6482059955596924,,,,,,,,
1.6800038814544678,,,,,,,,
1.716043472290039,,,,,,,,
1.7488682270050049,,,,,,,,
1.779909372329712,,,,,,,,
1.8170428276062012,,,,,,,,
1.849679708480835,,,,,,,,
1.8804349899291992,,,,,,,,
1.9179637432098389,,,,,440,223,0,0
1.9486424922943115,,,,,440,223,4,2
1.9806511402130127,,,,,,,,
2.016646146774292,,,,,,,,
2.0482723712921143,,,,,,,,
2.080709218978882,,,,,,,,
2.116467237472534,,,,,,,,
2.1489927768707275,,,,,,,,
2.180292844772339,,,,,,,,
2.216883659362793,,,,,,,,
2.248446464538574,,,,,,,,
2.280324935913086,,,,,,,,
2.3162591457366943,,,,,,,,
2.348196506500244,,,,,,,,
2.382072925567627,,,,,,,,
2.4162609577178955,,,,,,,,
2.448160409927368,,,,,,,,
2.480360984802246,,,,,,,,
2.5186679363250732,,,,,,,,
2.5485622882843018,,,,,,,,
2.580477476119995,,,,,,,,
2.6169886589050293,,,,,,,,
2.648275375366211,,,,,,,,
2.6815361976623535,,,,,,,,
2.7163522243499756,,,,,,,,
2.7485926151275635,,,,,,,,
2.780280828475952,,,,,,,,
2.819138526916504,,,,,,,,
2.8505027294158936,,,,,,,,
2.8802592754364014,,,,,,,,
2.9160022735595703,,,,,,,,
2.9481394290924072,,,,,,,,
2.9827818870544434,,,,,,,,
3.017019033432007,,,,,,,,
3.047966957092285,,,,,281,476,15,20
3.0816447734832764,,,,,285,476,44,70
3.116333246231079,,,,,291,475,101,165
3.1503379344940186,,,,,292,472,178,290
3.180609703063965,,,,,299,471,257,413
3.2166895866394043,,,,,303,469,319,506
3.248760461807251,,,,,311,467,363,564
3.280749797821045,,,,,306,463,384,591
3.316265344619751,,,,,307,460,392,597
3.3490703105926514,,,,,304,458,389,589
3.3812832832336426,,,,,303,456,380,573
3.4168972969055176,,,,,302,457,368,554
3.448046922683716,,,,,324,454,364,533
3.4811413288116455,,,,,339,448,366,510
3.5167124271392822,,,,,350,439,369,487
3.549473762512207,,,,,362,434,375,466
3.5803921222686768,,,,,376,428,384,448
3.612534999847412,,,,,380,431,391,436
3.6480770111083984,,,,,389,427,399,426
3.6805458068847656,,,,,398,420,406,417
3.712125301361084,,,,,407,411,415,407
3.749286413192749,,,,,418,401,424,397
3.780874490737915,,,,,429,391,435,386
3.8126959800720215,,,,,435,368,443,369
3.848741054534912,,,,,444,353,452,352
3.880775213241577,,,,,452,341,461,336
3.914219379425049,,,,,460,332,469,322
3.949105739593506,,,,,469,339,477,317
3.9805305004119873,,,,,474,327,484,310
4.013603210449219,,,,,,,,
4.048369884490967,,,,,,,,
4.080621719360352,,,,,,,,
4.112403631210327,,,,,,,,
4.1485795974731445,,,,,,,,
4.180063486099243,,,,,,,,
4.211982250213623,,,,,,,,
4.248581647872925,,,,,,,,
4.280266284942627,,,,,,,,
4.312285900115967,,,,,,,,
4.3494038581848145,,,,,,,,
4.379926681518555,,,,,,,,
4.41274356842041,,,,,,,,
4.448442697525024,,,,,,,,
4.481303453445435,,,,,,,,
4.512760877609253,,,,,,,,
4.547886610031128,,,,,,,,
4.579969882965088,,,,,,,,
4.611920356750488,,,,,,,,
4.648353576660156,,,,,,,,
4.680158615112305,,,,,,,,
4.71249532699585,,,,,,,,
4.751192808151245,16,474,0,0,13,460,281,367
4.7802863121032715,24,463,0,4,,,,
4.8123908042907715,42,437,1,21,,,,
4.849607944488525,63,405,8,63,,,,
4.883117198944092,86,372,25,137,,,,
4.9127888679504395,108,339,55,225,,,,
4.948336362838745,131,311,93,299,,,,
4.979769945144653,148,281,133,341,,,,
5.012227535247803,,,,,,,,
5.048525094985962,,,,,,,,
5.080477714538574,,,,,,,,
5.112008094787598,,,,,,,,
5.148437738418579,,,,,,,,
5.180187940597534,230,179,196,319,,,,
5.2119457721710205,231,176,240,291,,,,
5.2482593059539795,233,173,269,262,,,,
5.280802011489868,235,170,285,236,,,,
5.312668800354004,236,168,291,213,,,,
5.34838080406189,238,167,292,194,,,,
5.380202770233154,241,167,290,180,,,,
5.41231894493103,243,167,285,170,,,,
5.448742151260376,244,167,279,164,,,,
5.481297492980957,245,167,273,160,,,,
5.512164115905762,245,166,267,157,,,,
5.54890251159668,245,166,261,156,,,,
5.583453893661499,245,165,256,156,,,,
5.61271333694458,245,164,252,156,,,,
5.6449198722839355,245,163,249,156,,,,
5.680806398391724,246,162,247,157,,,,
5.711921453475952,246,161,246,157,,,,
5.744780540466309,246,160,245,156,,,,
5.779924154281616,246,160,244,157,,,,
5.812160968780518,246,159,244,156,,,,
5.844877004623413,246,158,244,156,,,,
5.880255222320557,246,157,244,156,,,,
5.912276744842529,246,156,244,155,,,,
5.944652318954468,247,156,245,154,,,,
5.980585813522339,248,156,246,154,,,,
6.011968612670898,248,155,247,154,,,,
6.044635772705078,249,155,248,154,,,,
6.081238269805908,250,155,249,153,,,,
6.112100839614868,250,155,250,154,,,,
6.144320249557495,250,155,250,154,,,,
6.180356502532959,250,155,250,154,,,,
6.212940692901611,249,154,250,153,,,,
6.244486331939697,246,153,248,153,,,,
6.283333778381348,241,152,245,152,,,,
6.313013792037964,236,150,240,150,,,,
6.345765113830566,227,147,233,148,,,,
6.380763053894043,215,142,222,144,,,,
6.413024187088013,203,137,209,139,,,,
6.444226264953613,191,133,195,134,,,,
6.480425596237183,180,129,181,129,,,,
6.512232542037964,171,126,168,124,,,,
6.544836521148682,165,124,158,121,,,,
6.579797267913818,161,123,149,118,,,,
6.612283229827881,159,122,144,116,,,,
6.64398193359375,159,122,142,116,,,,
6.680184841156006,160,122,143,116,,,,
6.711770057678223,161,122,145,116,,,,
6.74376106262207,162,123,148,117,,,,
6.779869794845581,164,123,152,119,,,,
6.812491416931152,165,123,155,120,,,,
6.843993902206421,165,123,159,120,,,,
6.882721662521362,166,124,161,122,,,,
6.912057161331177,166,124,164,123,,,,
6.944555759429932,167,124,166,123,,,,
6.982041597366333,168,124,167,124,455,315,330,345
7.01202917098999,170,124,169,124,449,328,368,334
7.044141530990601,172,125,172,124,438,332,393,329
7.080113172531128,174,125,174,125,427,321,408,321
7.11209774017334,176,125,176,125,414,328,413,319
7.144552946090698,177,125,178,125,405,330,412,319
7.180328845977783,178,126,179,126,398,331,407,321
7.212356805801392,179,127,181,126,393,331,402,322
7.24496054649353,179,127,181,127,390,331,396,324
7.2804481983184814,180,128,182,128,,,,
7.312962293624878,180,129,182,128,,,,
7.345578670501709,180,130,182,129,,,,
7.380238771438599,180,131,182,131,,,,
7.412842273712158,180,131,181,131,,,,
7.446640729904175,180,132,181,132,,,,
7.482299089431763,180,132,181,133,,,,
7.512242794036865,180,132,180,133,,,,
7.545107126235962,181,132,181,133,,,,
7.58017635345459,181,132,181,133,,,,
7.612201452255249,182,132,181,133,,,,
7.646149158477783,183,132,182,132,,,,
7.682273626327515,183,132,183,132,,,,
7.712323188781738,184,131,183,132,,,,
7.745145797729492,185,131,184,131,,,,
7.776373863220215,186,131,185,131,,,,
7.812597751617432,187,131,186,131,,,,
7.847070693969727,189,130,188,130,401,334,397,327
7.87819242477417,191,130,190,130,,,,
7.912511587142944,192,129,192,129,378,294,387,312
7.9444732666015625,193,127,193,127,392,314,387,309
7.976163625717163,195,125,195,126,,,,
8.01258111000061,199,121,198,123,,,,
8.045578479766846,205,117,202,119,,,,
8.076858520507812,212,112,209,114,,,,
8.114718914031982,222,108,217,109,,,,
8.145002841949463,232,103,228,103,,,,
8.175867319107056,243,98,239,97,,,,
8.212749242782593,255,93,252,92,,,,
8.246232748031616,267,88,266,86,,,,
8.276578903198242,279,86,280,81,,,,
8.312155723571777,290,84,294,78,,,,
8.343961238861084,301,83,307,76,,,,
8.376272201538086,311,82,319,74,,,,
8.413086175918579,320,83,331,75,,,,
8.44412636756897,328,83,340,75,,,,
8.476308822631836,335,85,348,77,,,,
8.512092113494873,340,85,355,79,,,,
8.54480504989624,345,86,360,81,,,,
8.57910680770874,347,86,363,83,,,,
8.612828254699707,349,86,364,84,,,,
8.646835565567017,350,86,364,85,,,,
8.676588535308838,350,86,363,86,,,,
8.714756965637207,350,86,361,86,394,304,388,304
8.744585514068604,348,86,358,86,397,301,390,299
8.77820634841919,347,86,355,86,,,,
8.81289005279541,344,86,351,86,,,,
8.844719171524048,342,86,347,86,,,,
8.876895904541016,341,86,344,86,,,,
8.912511587142944,339,87,340,86,,,,
8.944443225860596,338,88,338,87,,,,
8.976408004760742,338,88,336,88,,,,
9.012329578399658,337,88,335,88,,,,
9.04382848739624,337,89,334,88,,,,
9.075914859771729,336,90,333,89,,,,
9.112173080444336,334,90,332,90,,,,
9.143943548202515,330,91,330,91,,,,
9.175877571105957,326,92,326,92,429,335,407,311
9.212507009506226,321,93,322,93,429,336,419,321
9.24418592453003,314,92,316,93,423,335,424,328
9.275932550430298,307,93,309,93,417,335,425,333
9.314129114151001,299,93,300,93,411,334,422,336
9.344802141189575,291,93,292,94,406,334,417,337
9.376207828521729,283,94,282,94,401,334,411,338
9.412740707397461,275,95,273,95,394,335,403,339
9.446757078170776,267,96,263,95,388,334,394,338
9.476073503494263,260,98,255,97,382,333,386,337
9.513374328613281,254,100,247,99,392,313,385,327
9.545000314712524,248,101,240,100,,,,
9.578211069107056,242,103,233,102,395,295,386,312
9.613643884658813,238,105,228,105,393,296,386,301
9.646779298782349,234,106,223,106,390,298,386,294
9.676514387130737,231,107,220,108,387,299,384,291
9.714177370071411,229,108,218,109,385,299,383,290
9.744819641113281,227,109,217,110,383,299,381,289
9.77610445022583,226,110,216,111,381,300,379,290
9.808292627334595,225,110,216,112,379,301,377,292
9.846106052398682,224,110,216,112,,,,
9.87637186050415,224,110,217,112,,,,
9.908040523529053,225,110,218,112,,,,
9.946572303771973,227,110,221,111,,,,
9.976598739624023,230,109,224,110,,,,
10.008216142654419,233,108,228,109,386,322,379,303
10.043915033340454,238,107,233,108,,,,
10.076838254928589,243,106,239,107,,,,
10.108323574066162,249,104,245,105,,,,
10.14609408378601,256,103,253,103,,,,
10.178240299224854,264,102,261,101,395,316,385,309
10.207989931106567,273,101,271,100,398,316,391,313
10.24688982963562,282,100,281,99,392,305,392,311
10.276916265487671,292,99,292,97,393,300,394,307
10.309746026992798,302,98,304,96,398,298,397,303
10.344669342041016,313,98,315,96,403,299,401,300
10.37808609008789,324,97,328,95,412,298,408,298
10.408729553222656,336,96,340,94,420,300,416,298
10.446861743927002,348,95,354,93,429,300,425,297
10.476768970489502,360,93,367,92,,,,
10.508054971694946,373,92,380,91,,,,
10.543920040130615,386,91,394,90,,,,
10.576202392578125,399,90,408,88,444,305,438,300
10.608501195907593,412,89,422,87,,,,
10.643973350524902,425,89,435,87,,,,
10.678278923034668,436,88,448,86,,,,
10.709756851196289,447,88,460,86,,,,
10.746906042098999,457,88,471,86,,,,
10.776140689849854,465,88,480,86,,,,
10.809060335159302,472,88,488,86,,,,
10.84428858757019,476,88,494,86,,,,
10.876774787902832,479,88,497,87,,,,
10.910331010818481,481,87,498,86,,,,
10.946013450622559,481,87,498,86,,,,
10.978771209716797,479,87,495,86,,,,
11.00870966911316,475,86,491,86,,,,
11.044752836227417,470,86,484,85,,,,
11.076215267181396,464,85,476,85,,,,
11.11058759689331,456,86,466,85,,,,
11.14580512046814,448,86,456,85,510,357,476,325
11.17684531211853,439,86,445,85,507,356,502,343
11.208389520645142,429,86,432,85,502,356,516,355
11.2463858127594,417,86,419,85,495,355,521,362
11.276066780090332,406,87,406,86,487,353,518,366
11.307915687561035,394,88,392,87,479,352,510,366
11.344350814819336,381,90,377,88,469,350,498,364
11.37730622291565,368,91,362,90,458,336,483,356
11.408285856246948,355,93,348,92,447,340,467,351
11.444815397262573,342,94,333,93,435,341,450,347
11.477304458618164,329,96,319,95,424,341,433,344
11.508800506591797,315,98,304,97,413,342,416,342
11.545325994491577,302,100,290,100,402,342,401,341
11.576558828353882,289,102,276,102,390,342,385,341
11.608153581619263,276,103,263,104,380,342,372,340
11.644068002700806,264,104,250,105,369,342,359,340
11.676791191101074,252,105,237,107,357,342,346,340
11.70807933807373,241,107,226,108,347,342,334,340
11.745233535766602,230,109,214,110,337,343,323,341
11.776362419128418,220,111,204,112,327,344,313,342
11.808154106140137,211,113,195,114,320,345,304,343
11.840019941329956,203,115,187,116,314,346,298,344
11.876638889312744,196,117,180,118,308,346,292,345
11.90810251235962,190,118,174,120,312,337,291,342
11.940694093704224,185,119,169,121,304,340,289,341
11.976349115371704,182,119,166,122,310,334,291,337
12.008153200149536,180,119,164,122,315,330,296,333
12.041711807250977,180,119,165,122,,,,
12.077847003936768,182,118,167,121,323,326,305,328
12.107903003692627,186,117,171,120,325,325,312,324
12.139801979064941,191,116,177,118,329,325,320,322
12.17673134803772,196,114,184,116,335,325,328,321
12.207902669906616,203,112,193,114,328,331,330,323
12.239946603775024,211,110,203,111,,,,
12.276045560836792,220,108,213,108,,,,
12.3097243309021,230,105,225,105,371,300,351,311
12.340373992919922,242,102,238,102,375,299,367,302
12.378124237060547,255,101,253,99,381,298,381,296
12.408400535583496,268,99,268,97,387,296,392,291
12.440847635269165,281,97,283,95,,,,
12.477271795272827,295,95,299,92,406,295,407,288
12.508481979370117,310,93,315,90,408,295,418,287
12.539949655532837,324,91,331,88,,,,
12.578582763671875,339,89,348,86,,,,
12.608367204666138,354,87,364,84,407,300,423,288
12.642679929733276,368,85,380,82,411,303,427,292
12.676916360855103,384,83,396,80,416,304,430,295
12.707968711853027,398,82,411,79,421,305,433,299
12.740214347839355,412,81,426,78,431,305,439,301
12.776708126068115,426,81,441,77,439,305,445,303
12.80897331237793,439,81,455,77,449,306,453,305
12.84005069732666,450,81,467,77,,,,
12.876944303512573,460,82,478,78,476,305,470,306
12.91075611114502,468,83,487,79,,,,
12.94029712677002,473,83,493,80,,,,
12.976075887680054,477,83,497,81,,,,
13.008465766906738,479,83,499,82,,,,
13.041394472122192,479,82,499,82,,,,
13.076902389526367,477,82,496,82,,,,
13.108665466308594,473,82,491,82,,,,
13.140780210494995,468,83,484,82,,,,
13.176394701004028,462,83,476,82,,,,
13.208698272705078,455,83,466,83,,,,
13.240103244781494,447,83,456,83,,,,
13.276755094528198,437,83,444,83,471,334,479,319
13.3080575466156,427,84,431,83,467,333,482,328
13.340358257293701,415,84,417,84,,,,
13.376740217208862,403,85,403,84,449,352,474,343
13.40883994102478,391,87,389,86,442,350,465,352
13.439943075180054,378,87,374,86,,,,
13.476592063903809,366,89,360,88,425,353,449,359
13.508519649505615,353,91,345,90,422,352,436,362
13.540332317352295,341,94,331,92,418,352,425,363
13.576352834701538,329,98,318,96,413,352,415,363
13.608623504638672,320,101,306,100,,,,
13.640623331069946,312,104,296,103,409,296,406,337
13.677127361297607,306,106,288,107,,,,
13.708412885665894,303,107,284,109,,,,
13.741039991378784,301,108,281,111,,,,
13.776505947113037,300,109,281,112,,,,
13.808656930923462,300,110,282,113,,,,
13.840511083602905,300,112,284,114,,,,
13.877346992492676,299,115,286,116,,,,
13.908947467803955,297,119,288,119,,,,
13.940287590026855,293,124,287,123,390,313,393,325
13.971909523010254,,,,,399,310,388,315
14.008498191833496,,,,,409,347,390,325
14.040701150894165,,,,,,,,
14.072754859924316,,,,,,,,
14.107993364334106,,,,,,,,
14.140154600143433,190,256,242,185,,,,
14.171898126602173,176,284,202,242,,,,
14.208921670913696,158,326,167,300,,,,
14.241809368133545,138,375,135,361,,,,
14.272676467895508,121,419,108,420,,,,
14.309514999389648,,,,,,,,
14.341353178024292,,,,,,,,
14.3717679977417,,,,,,,,
14.409968614578247,,,,,,,,
14.440479516983032,,,,,,,,
14.473445415496826,,,,,,,,
14.509551048278809,,,,,,,,
14.540239810943604,,,,,,,,
14.57296109199524,,,,,,,,
14.608122825622559,,,,,,,,
14.640086889266968,,,,,,,,
14.673357486724854,,,,,,,,
14.708916425704956,,,,,,,,
14.741029977798462,,,,,398,319,388,320
14.772309064865112,,,,,398,319,388,317
14.809374570846558,,,,,399,318,389,315
14.840641975402832,,,,,398,319,390,314
14.872308492660522,,,,,397,320,390,314
14.908414602279663,,,,,398,321,392,315
14.941155195236206,,,,,398,321,393,317
14.97296404838562,,,,,398,322,394,318
15.00853681564331,,,,,398,323,395,320
15.042237997055054,,,,,398,323,396,321
15.072643995285034,,,,,398,324,397,322
15.110552787780762,,,,,397,325,397,324
15.141039371490479,,,,,397,325,397,325
15.172727823257446,,,,,397,325,397,325
15.208680629730225,,,,,397,325,397,326
15.242170333862305,,,,,396,325,396,326
15.271848440170288,,,,,,,,
15.310760021209717,,,,,433,206,412,272
15.341006994247437,,,,,413,266,415,260
15.373688697814941,,,,,,,,
15.407894849777222,,,,,,,,
15.442138433456421,,,,,,,,
15.47538423538208,,,,,,,,
15.508225917816162,,,,,,,,
15.540172815322876,,,,,,,,
15.574131965637207,,,,,,,,
15.60825252532959,,,,,,,,
15.640332698822021,,,,,,,,
15.672531366348267,,,,,,,,
15.709833860397339,,,,,,,,
15.740567684173584,,,,,,,,
15.772198915481567,,,,,,,,
15.808799266815186,,,,,,,,
15.840495586395264,,,,,,,,
15.872366666793823,,,,,,,,
15.910435914993286,,,,,,,,
15.940755844116211,,,,,,,,
15.973183870315552,,,,,,,,
16.006969451904297,,,,,,,,
16.040382385253906,,,,,,,,
16.072371244430542,,,,,,,,
16.10420060157776,,,,,,,,
16.140320539474487,,,,,,,,
16.172504901885986,,,,,,,,
16.205064296722412,,,,,,,,
16.2409348487854,,,,,,,,
16.272294759750366,,,,,,,,
16.306535959243774,,,,,,,,
16.340452432632446,,,,,,,,
16.37244963645935,,,,,,,,
16.403929948806763,,,,,,,,
16.440162420272827,,,,,,,,
16.472811460494995,,,,,,,,
16.504833221435547,,,,,,,,
16.540083408355713,,,,,,,,
16.572566509246826,,,,,,,,
16.60443949699402,,,,,,,,
16.641417741775513,,,,,,,,
16.67231321334839,,,,,,,,
16.706589698791504,,,,,,,,
16.74022912979126,,,,,,,,
16.773848056793213,,,,,,,,
16.803914308547974,,,,,,,,
16.840314865112305,,,,,,,,
16.873380184173584,,,,,,,,
16.905747890472412,,,,,373,236,399,240
16.94256353378296,,,,,,,,
16.97217559814453,,,,,,,,
17.004015684127808,,,,,,,,
17.040722846984863,,,,,,,,
17.073295831680298,,,,,,,,
17.10464310646057,,,,,,,,
17.140833616256714,,,,,,,,
17.17194676399231,,,,,,,,
17.204424381256104,,,,,,,,
17.24047303199768,,,,,,,,
17.272858381271362,,,,,,,,
17.30434536933899,,,,,,,,
17.340585231781006,,,,,,,,
17.37369680404663,,,,,,,,
17.404064178466797,,,,,,,,
17.44172716140747,,,,,,,,
17.4726402759552,,,,,,,,
17.504015684127808,,,,,,,,
17.540201663970947,,,,,,,,
17.57211184501648,,,,,,,,
17.603771686553955,,,,,,,,
17.64146113395691,,,,,,,,
17.673045873641968,,,,,,,,
17.704455375671387,,,,,,,,
17.74119281768799,,,,,,,,
17.77236819267273,,,,,,,,
17.805033445358276,,,,,,,,
17.840928554534912,,,,,,,,
17.87340760231018,,,,,,,,
17.90488290786743,,,,,,,,
17.94154453277588,,,,,,,,
17.97240114212036,,,,,,,,
18.005340814590454,,,,,,,,
18.040117025375366,,,,,,,,
18.072924613952637,,,,,,,,
18.10441255569458,53,476,61,483,,,,
18.13778066635132,56,463,32,516,,,,
18.17208170890808,65,436,20,521,,,,
18.206137895584106,79,399,22,500,,,,
18.23641610145569,98,357,36,460,,,,
18.27256441116333,120,316,60,409,,,,
18.304404735565186,145,281,91,353,,,,
18.336961030960083,171,252,126,299,,,,
18.37437677383423,196,229,163,251,,,,
18.40511965751648,218,212,199,211,,,,
18.436525583267212,236,201,231,181,,,,
18.472968101501465,251,194,259,160,,,,
18.504828929901123,261,191,280,149,,,,
18.537587881088257,266,189,294,144,,,,
18.573724269866943,268,187,301,143,,,,
18.605583429336548,266,186,302,146,,,,
18.635987281799316,263,184,299,150,,,,
18.672602891921997,260,182,292,154,,,,
18.70453667640686,257,181,284,159,,,,
18.737818956375122,254,180,276,163,,,,
18.772042989730835,253,181,268,167,371,315,386,262
18.80476975440979,253,182,262,171,370,314,376,279
18.836811542510986,253,184,257,176,369,314,368,293
18.87299370765686,253,185,254,180,372,313,365,303
18.904579877853394,253,186,252,183,369,314,362,311
18.937472343444824,253,188,251,186,368,315,360,316
18.973067045211792,252,190,249,189,367,316,359,320
19.004459857940674,251,192,248,192,366,317,359,322
19.036229372024536,250,194,247,195,365,318,359,324
19.072564363479614,249,196,247,197,364,317,359,324
19.105327129364014,248,198,246,199,363,318,358,324
19.136977195739746,247,199,245,201,363,318,359,323
19.173380613327026,247,200,245,203,362,317,359,322
19.206072568893433,247,200,244,203,362,317,359,321
19.236554622650146,247,200,245,203,,,,
19.273074865341187,247,200,245,203,363,320,360,321
19.304574728012085,247,200,245,203,362,319,360,321
19.33780026435852,247,201,245,203,,,,
19.37328553199768,247,202,246,203,,,,
19.40505599975586,247,203,246,203,,,,
19.436230421066284,247,205,246,204,,,,
19.473180055618286,247,206,246,206,,,,
19.50444197654724,248,207,247,207,,,,
19.53826141357422,248,208,247,208,,,,
19.572880268096924,248,209,248,209,,,,
19.605290412902832,248,210,248,210,,,,
19.636811017990112,248,210,248,211,,,,
19.673258304595947,248,210,248,211,,,,
19.704413175582886,247,210,247,211,,,,
