1737984338.942204,[156 100 100],[176 255 255],[ 31 100 100],[ 51 255 255]
1737984339.0476546,[156 100 100],[176 255 255],[ 31 100 100],[ 51 255 255]
1737984339.1459403,[156 100 100],[176 255 255],[ 31 100 100],[ 51 255 255]
1737984339.246448,[156 100 100],[176 255 255],[ 31 100 100],[ 51 255 255]
1737984339.346813,[156 100 100],[176 255 255],[ 31 100 100],[ 51 255 255]
1737984339.4459856,[156 100 100],[176 255 255],[ 31 100 100],[ 51 255 255]
1737984339.5465152,[156 100 100],[176 255 255],[ 31 100 100],[ 51 255 255]
1737984339.6460683,[156 100 100],[176 255 255],[ 31 100 100],[ 51 255 255]
1737984339.7475185,[156 100 100],[176 255 255],[ 31 100 100],[ 51 255 255]
1737984339.845858,[156 100 100],[176 255 255],[ 31 100 100],[ 51 255 255]
1737984339.9459214,[156 100 100],[176 255 255],[ 31 100 100],[ 51 255 255]
1737984340.0446627,[156 100 100],[176 255 255],[ 31 100 100],[ 51 255 255]
1737984340.1468256,[156 100 100],[176 255 255],[ 31 100 100],[ 51 255 255]
1737984340.246406,[156 100 100],[176 255 255],[ 31 100 100],[ 51 255 255]
1737984340.3471687,[156 100 100],[176 255 255],[ 31 100 100],[ 51 255 255]
1737984340.4457796,[156 100 100],[176 255 255],[ 31 100 100],[ 51 255 255]
1737984340.551035,[156 100 100],[176 255 255],[ 31 100 100],[ 51 255 255]
1737984340.650576,[156 100 100],[176 255 255],[ 31 100 100],[ 51 255 255]
1737984340.7501378,[156 100 100],[176 255 255],[ 31 100 100],[ 51 255 255]
1737984340.8513298,[156 100 100],[176 255 255],[ 31 100 100],[ 51 255 255]
1737984340.9511476,[156 100 100],[176 255 255],[ 31 100 100],[ 51 255 255]
1737984341.0502546,[156 100 100],[176 255 255],[ 31 100 100],[ 51 255 255]
1737984341.1513526,[156 100 100],[176 255 255],[ 31 100 100],[ 51 255 255]
1737984341.2499962,[156 100 100],[176 255 255],[ 31 100 100],[ 51 255 255]
1737984341.3497317,[156 100 100],[176 255 255],[ 31 100 100],[ 51 255 255]
1737984341.449482,[156 100 100],[176 255 255],[ 31 100 100],[ 51 255 255]
1737984341.5501475,[156 100 100],[176 255 255],[ 31 100 100],[ 51 255 255]
1737984341.6502037,[156 100 100],[176 255 255],[ 31 100 100],[ 51 255 255]
1737984341.7499452,[156 100 100],[176 255 255],[ 31 100 100],[ 51 255 255]
1737984341.8498862,[156 100 100],[176 255 255],[ 31 100 100],[ 51 255 255]
1737984341.9498596,[156 100 100],[176 255 255],[ 31 100 100],[ 51 255 255]
1737984342.0554574,[156 100 100],[176 255 255],[ 31 100 100],[ 51 255 255]
1737984342.1545346,[156 100 100],[176 255 255],[ 31 100 100],[ 51 255 255]
1737984342.2547653,[156 100 100],[176 255 255],[ 31 100 100],[ 51 255 255]
1737984342.3545299,[156 100 100],[176 255 255],[ 31 100 100],[ 51 255 255]
1737984342.454451,[156 100 100],[176 255 255],[ 31 100 100],[ 51 255 255]
1737984342.5547042,[156 100 100],[176 255 255],[ 31 100 100],[ 51 255 255]
1737984342.6539855,[156 100 100],[176 255 255],[ 31 100 100],[ 51 255 255]
1737984342.7542794,[156 100 100],[176 255 255],[ 31 100 100],[ 51 255 255]
1737984342.8554583,[156 100 100],[176 255 255],[ 31 100 100],[ 51 255 255]
1737984342.9546442,[156 100 100],[176 255 255],[ 31 100 100],[ 51 255 255]
1737984343.0547078,[156 100 100],[176 255 255],[ 31 100 100],[ 51 255 255]
1737984343.1552474,[156 100 100],[176 255 255],[ 31 100 100],[ 51 255 255]
1737984343.2549384,[156 100 100],[176 255 255],[ 31 100 100],[ 51 255 255]
1737984343.3548586,[156 100 100],[176 255 255],[ 31 100 100],[ 51 255 255]
1737984343.4577103,[156 100 100],[176 255 255],[ 31 100 100],[ 51 255 255]
1737984343.5582318,[156 100 100],[176 255 255],[ 31 100 100],[ 51 255 255]
1737984343.659184,[156 100 100],[176 255 255],[ 31 100 100],[ 51 255 255]
1737984343.758229,[156 100 100],[176 255 255],[ 31 100 100],[ 51 255 255]
1737984343.8579724,[156 100 100],[176 255 255],[ 31 100 100],[ 51 255 255]
1737984343.9589558,[156 100 100],[176 255 255],[ 31 100 100],[ 51 255 255]
1737984344.0582354,[156 100 100],[176 255 255],[ 31 100 100],[ 51 255 255]
1737984344.1581252,[156 100 100],[176 255 255],[ 31 100 100],[ 51 255 255]
1737984344.2581766,[156 100 100],[176 255 255],[ 31 100 100],[ 51 255 255]
1737984344.357818,[156 100 100],[176 255 255],[ 31 100 100],[ 51 255 255]
1737984344.457907,[156 100 100],[176 255 255],[ 31 100 100],[ 51 255 255]
1737984344.5587876,[156 100 100],[176 255 255],[ 31 100 100],[ 51 255 255]
1737984344.6581912,[156 100 100],[176 255 255],[ 31 100 100],[ 51 255 255]
1737984344.7595322,[156 100 100],[176 255 255],[ 31 100 100],[ 51 255 255]
1737984344.8589752,[156 100 100],[176 255 255],[ 31 100 100],[ 51 255 255]
1737984344.9626274,[156 100 100],[176 255 255],[ 31 100 100],[ 51 255 255]
1737984345.062066,[156 100 100],[176 255 255],[ 31 100 100],[ 51 255 255]
1737984345.162291,[156 100 100],[176 255 255],[ 31 100 100],[ 51 255 255]
1737984345.262867,[156 100 100],[176 255 255],[ 31 100 100],[ 51 255 255]
1737984345.3623948,[156 100 100],[176 255 255],[ 31 100 100],[ 51 255 255]
1737984345.4619877,[156 100 100],[176 255 255],[ 31 100 100],[ 51 255 255]
1737984345.5626013,[156 100 100],[176 255 255],[ 31 100 100],[ 51 255 255]
1737984345.6618412,[156 100 100],[176 255 255],[ 31 100 100],[ 51 255 255]
1737984345.7620056,[156 100 100],[176 255 255],[ 31 100 100],[ 51 255 255]
1737984345.8617036,[156 100 100],[176 255 255],[ 31 100 100],[ 51 255 255]
1737984345.9622614,[156 100 100],[176 255 255],[ 31 100 100],[ 51 255 255]
1737984346.0619195,[156 100 100],[176 255 255],[ 31 100 100],[ 51 255 255]
1737984346.162373,[156 100 100],[176 255 255],[ 31 100 100],[ 51 255 255]
1737984346.2626326,[156 100 100],[176 255 255],[ 31 100 100],[ 51 255 255]
1737984346.3629155,[156 100 100],[176 255 255],[ 31 100 100],[ 51 255 255]
1737984346.4679909,[156 100 100],[176 255 255],[ 31 100 100],[ 51 255 255]
1737984346.5687885,[156 100 100],[176 255 255],[ 31 100 100],[ 51 255 255]
1737984346.666618,[156 100 100],[176 255 255],[ 31 100 100],[ 51 255 255]
1737984346.7660625,[156 100 100],[176 255 255],[ 31 100 100],[ 51 255 255]
1737984346.8664145,[156 100 100],[176 255 255],[ 31 100 100],[ 51 255 255]
1737984346.9687724,[156 100 100],[176 255 255],[ 31 100 100],[ 51 255 255]
1737984347.0664551,[156 100 100],[176 255 255],[ 31 100 100],[ 51 255 255]
1737984347.1664314,[156 100 100],[176 255 255],[ 31 100 100],[ 51 255 255]
1737984347.266164,[156 100 100],[176 255 255],[ 31 100 100],[ 51 255 255]
1737984347.368611,[156 100 100],[176 255 255],[ 31 100 100],[ 51 255 255]
1737984347.466195,[156 100 100],[176 255 255],[ 31 100 100],[ 51 255 255]
1737984347.5662441,[156 100 100],[176 255 255],[ 31 100 100],[ 51 255 255]
1737984347.668108,[156 100 100],[176 255 255],[ 31 100 100],[ 51 255 255]
1737984347.7660272,[156 100 100],[176 255 255],[ 31 100 100],[ 51 255 255]
1737984347.868428,[156 100 100],[176 255 255],[ 31 100 100],[ 51 255 255]
1737984347.9727495,[156 100 100],[176 255 255],[ 31 100 100],[ 51 255 255]
1737984348.0703833,[156 100 100],[176 255 255],[ 31 100 100],[ 51 255 255]
1737984348.1724522,[156 100 100],[176 255 255],[ 31 100 100],[ 51 255 255]
1737984348.2723093,[156 100 100],[176 255 255],[ 31 100 100],[ 51 255 255]
1737984348.3718164,[156 100 100],[176 255 255],[ 31 100 100],[ 51 255 255]
1737984348.4735494,[156 100 100],[176 255 255],[ 31 100 100],[ 51 255 255]
1737984348.5707264,[156 100 100],[176 255 255],[ 31 100 100],[ 51 255 255]
1737984348.6708558,[156 100 100],[176 255 255],[ 31 100 100],[ 51 255 255]
1737984348.7702603,[156 100 100],[176 255 255],[ 31 100 100],[ 51 255 255]
1737984348.870063,[156 100 100],[176 255 255],[ 31 100 100],[ 51 255 255]
1737984348.9711854,[156 100 100],[176 255 255],[ 31 100 100],[ 51 255 255]
1737984349.0693994,[156 100 100],[176 255 255],[ 31 100 100],[ 51 255 255]
1737984349.1699128,[156 100 100],[176 255 255],[ 31 100 100],[ 51 255 255]
1737984349.2699416,[156 100 100],[176 255 255],[ 31 100 100],[ 51 255 255]
1737984349.3701403,[156 100 100],[176 255 255],[ 31 100 100],[ 51 255 255]
1737984349.4739933,[156 100 100],[176 255 255],[ 31 100 100],[ 51 255 255]
1737984349.5739331,[156 100 100],[176 255 255],[ 31 100 100],[ 51 255 255]
1737984349.6736689,[156 100 100],[176 255 255],[ 31 100 100],[ 51 255 255]
1737984349.774696,[156 100 100],[176 255 255],[ 31 100 100],[ 51 255 255]
1737984349.8740642,[156 100 100],[176 255 255],[ 31 100 100],[ 51 255 255]
1737984349.974132,[156 100 100],[176 255 255],[ 31 100 100],[ 51 255 255]
1737984350.0740232,[156 100 100],[176 255 255],[ 31 100 100],[ 51 255 255]
1737984350.1746309,[156 100 100],[176 255 255],[ 31 100 100],[ 51 255 255]
1737984350.2743783,[156 100 100],[176 255 255],[ 31 100 100],[ 51 255 255]
1737984350.3745198,[156 100 100],[176 255 255],[ 31 100 100],[ 51 255 255]
1737984350.4738042,[156 100 100],[176 255 255],[ 31 100 100],[ 51 255 255]
1737984350.57388,[156 100 100],[176 255 255],[ 31 100 100],[ 51 255 255]
1737984350.6741335,[156 100 100],[176 255 255],[ 31 100 100],[ 51 255 255]
1737984350.7738354,[156 100 100],[176 255 255],[ 31 100 100],[ 51 255 255]
1737984350.8784337,[156 100 100],[176 255 255],[ 31 100 100],[ 51 255 255]
1737984350.9783652,[156 100 100],[176 255 255],[ 31 100 100],[ 51 255 255]
1737984351.0789526,[156 100 100],[176 255 255],[ 31 100 100],[ 51 255 255]
1737984351.1787536,[156 100 100],[176 255 255],[ 31 100 100],[ 51 255 255]
1737984351.2788458,[156 100 100],[176 255 255],[ 31 100 100],[ 51 255 255]
1737984351.3797312,[156 100 100],[176 255 255],[ 31 100 100],[ 51 255 255]
1737984351.4787362,[156 100 100],[176 255 255],[ 31 100 100],[ 51 255 255]
1737984351.578449,[156 100 100],[176 255 255],[ 31 100 100],[ 51 255 255]
1737984351.6789541,[156 100 100],[176 255 255],[ 31 100 100],[ 51 255 255]
1737984351.7786198,[156 100 100],[176 255 255],[ 31 100 100],[ 51 255 255]
1737984351.878292,[156 100 100],[176 255 255],[ 31 100 100],[ 51 255 255]
1737984351.979072,[156 100 100],[176 255 255],[ 31 100 100],[ 51 255 255]
1737984352.0783696,[156 100 100],[176 255 255],[ 31 100 100],[ 51 255 255]
1737984352.1788292,[156 100 100],[176 255 255],[ 31 100 100],[ 51 255 255]
1737984352.2780585,[156 100 100],[176 255 255],[ 31 100 100],[ 51 255 255]
1737984352.3830948,[156 100 100],[176 255 255],[ 31 100 100],[ 51 255 255]
1737984352.4819963,[156 100 100],[176 255 255],[ 31 100 100],[ 51 255 255]
1737984352.5826263,[156 100 100],[176 255 255],[ 31 100 100],[ 51 255 255]
1737984352.682518,[156 100 100],[176 255 255],[ 31 100 100],[ 51 255 255]
1737984352.7830117,[156 100 100],[176 255 255],[ 31 100 100],[ 51 255 255]
1737984352.8814368,[156 100 100],[176 255 255],[ 31 100 100],[ 51 255 255]
1737984352.981561,[156 100 100],[176 255 255],[ 31 100 100],[ 51 255 255]
1737984353.083643,[156 100 100],[176 255 255],[ 31 100 100],[ 51 255 255]
1737984353.1826313,[156 100 100],[176 255 255],[ 31 100 100],[ 51 255 255]
1737984353.2817085,[156 100 100],[176 255 255],[ 31 100 100],[ 51 255 255]
1737984353.3818142,[156 100 100],[176 255 255],[ 31 100 100],[ 51 255 255]
1737984353.4849792,[156 100 100],[176 255 255],[ 31 100 100],[ 51 255 255]
1737984353.5825086,[156 100 100],[176 255 255],[ 31 100 100],[ 51 255 255]
1737984353.6822631,[156 100 100],[176 255 255],[ 31 100 100],[ 51 255 255]
1737984353.7826521,[156 100 100],[176 255 255],[ 31 100 100],[ 51 255 255]
1737984353.886582,[156 100 100],[176 255 255],[ 31 100 100],[ 51 255 255]
1737984353.9873414,[156 100 100],[176 255 255],[ 31 100 100],[ 51 255 255]
1737984354.0871575,[156 100 100],[176 255 255],[ 31 100 100],[ 51 255 255]
1737984354.1862252,[156 100 100],[176 255 255],[ 31 100 100],[ 51 255 255]
1737984354.2858484,[156 100 100],[176 255 255],[ 31 100 100],[ 51 255 255]
1737984354.3866835,[156 100 100],[176 255 255],[ 31 100 100],[ 51 255 255]
1737984354.4861252,[156 100 100],[176 255 255],[ 31 100 100],[ 51 255 255]
1737984354.58592,[156 100 100],[176 255 255],[ 31 100 100],[ 51 255 255]
1737984354.6862733,[156 100 100],[176 255 255],[ 31 100 100],[ 51 255 255]
1737984354.7863665,[156 100 100],[176 255 255],[ 31 100 100],[ 51 255 255]
1737984354.8859665,[156 100 100],[176 255 255],[ 31 100 100],[ 51 255 255]
1737984354.9863193,[156 100 100],[176 255 255],[ 31 100 100],[ 51 255 255]
1737984355.0861254,[156 100 100],[176 255 255],[ 31 100 100],[ 51 255 255]
1737984355.1864774,[156 100 100],[176 255 255],[ 31 100 100],[ 51 255 255]
1737984355.2861257,[156 100 100],[176 255 255],[ 31 100 100],[ 51 255 255]
1737984355.390787,[156 100 100],[176 255 255],[ 31 100 100],[ 51 255 255]
1737984355.4897861,[156 100 100],[176 255 255],[ 31 100 100],[ 51 255 255]
1737984355.5903928,[156 100 100],[176 255 255],[ 31 100 100],[ 51 255 255]
1737984355.6903024,[156 100 100],[176 255 255],[ 31 100 100],[ 51 255 255]
1737984355.7905197,[156 100 100],[176 255 255],[ 31 100 100],[ 51 255 255]
1737984355.8898659,[156 100 100],[176 255 255],[ 31 100 100],[ 51 255 255]
1737984355.990215,[156 100 100],[176 255 255],[ 31 100 100],[ 51 255 255]
1737984356.089795,[156 100 100],[176 255 255],[ 31 100 100],[ 51 255 255]
1737984356.1925879,[156 100 100],[176 255 255],[ 31 100 100],[ 51 255 255]
1737984356.2915401,[156 100 100],[176 255 255],[ 31 100 100],[ 51 255 255]
1737984356.391546,[156 100 100],[176 255 255],[ 31 100 100],[ 51 255 255]
1737984356.4903886,[156 100 100],[176 255 255],[ 31 100 100],[ 51 255 255]
1737984356.5902808,[156 100 100],[176 255 255],[ 31 100 100],[ 51 255 255]
1737984356.6900373,[156 100 100],[176 255 255],[ 31 100 100],[ 51 255 255]
1737984356.7939684,[156 100 100],[176 255 255],[ 31 100 100],[ 51 255 255]
1737984356.8943856,[156 100 100],[176 255 255],[ 31 100 100],[ 51 255 255]
1737984356.994429,[156 100 100],[176 255 255],[ 31 100 100],[ 51 255 255]
1737984357.0942628,[156 100 100],[176 255 255],[ 31 100 100],[ 51 255 255]
1737984357.1941319,[156 100 100],[176 255 255],[ 31 100 100],[ 51 255 255]
1737984357.2946234,[156 100 100],[176 255 255],[ 31 100 100],[ 51 255 255]
1737984357.39546,[156 100 100],[176 255 255],[ 31 100 100],[ 51 255 255]
1737984357.4936302,[156 100 100],[176 255 255],[ 31 100 100],[ 51 255 255]
1737984357.5952802,[156 100 100],[176 255 255],[ 31 100 100],[ 51 255 255]
1737984357.694544,[156 100 100],[176 255 255],[ 31 100 100],[ 51 255 255]
1737984357.7940676,[156 100 100],[176 255 255],[ 31 100 100],[ 51 255 255]
1737984357.894693,[156 100 100],[176 255 255],[ 31 100 100],[ 51 255 255]
1737984357.9940622,[156 100 100],[176 255 255],[ 31 100 100],[ 51 255 255]
1737984358.0940459,[156 100 100],[176 255 255],[ 31 100 100],[ 51 255 255]
1737984358.1944647,[156 100 100],[176 255 255],[ 31 100 100],[ 51 255 255]
1737984358.2985444,[156 100 100],[176 255 255],[ 31 100 100],[ 51 255 255]
1737984358.3982723,[156 100 100],[176 255 255],[ 31 100 100],[ 51 255 255]
1737984358.498287,[156 100 100],[176 255 255],[ 31 100 100],[ 51 255 255]
1737984358.5988786,[156 100 100],[176 255 255],[ 31 100 100],[ 51 255 255]
1737984358.6988797,[156 100 100],[176 255 255],[ 31 100 100],[ 51 255 255]
1737984358.7993174,[156 100 100],[176 255 255],[ 31 100 100],[ 51 255 255]
1737984358.8984296,[156 100 100],[176 255 255],[ 31 100 100],[ 51 255 255]
1737984358.9981608,[156 100 100],[176 255 255],[ 31 100 100],[ 51 255 255]
1737984359.1007707,[156 100 100],[176 255 255],[ 31 100 100],[ 51 255 255]
1737984359.1998603,[156 100 100],[176 255 255],[ 31 100 100],[ 51 255 255]
1737984359.297972,[156 100 100],[176 255 255],[ 31 100 100],[ 51 255 255]
1737984359.398014,[156 100 100],[176 255 255],[ 31 100 100],[ 51 255 255]
1737984359.4995873,[156 100 100],[176 255 255],[ 31 100 100],[ 51 255 255]
1737984359.5978494,[156 100 100],[176 255 255],[ 31 100 100],[ 51 255 255]
1737984359.6981711,[156 100 100],[176 255 255],[ 31 100 100],[ 51 255 255]
1737984359.8018503,[156 100 100],[176 255 255],[ 31 100 100],[ 51 255 255]
1737984359.9022105,[156 100 100],[176 255 255],[ 31 100 100],[ 51 255 255]
1737984360.0019095,[156 100 100],[176 255 255],[ 31 100 100],[ 51 255 255]
1737984522.3896503,[155 100 100],[175 255 255],[ 27 100 100],[ 47 255 255],618,430,423,251
1737984522.488877,[155 100 100],[175 255 255],[ 27 100 100],[ 47 255 255],618,429,422,251
1737984522.5893147,[155 100 100],[175 255 255],[ 27 100 100],[ 47 255 255],618,429,422,251
1737984522.690191,[155 100 100],[175 255 255],[ 27 100 100],[ 47 255 255],618,429,422,250
1737984522.790887,[155 100 100],[175 255 255],[ 27 100 100],[ 47 255 255],618,428,422,250
1737984522.889105,[155 100 100],[175 255 255],[ 27 100 100],[ 47 255 255],617,428,422,250
1737984522.9890885,[155 100 100],[175 255 255],[ 27 100 100],[ 47 255 255],617,428,421,250
1737984523.0893636,[155 100 100],[175 255 255],[ 27 100 100],[ 47 255 255],617,427,420,250
1737984523.1908782,[155 100 100],[175 255 255],[ 27 100 100],[ 47 255 255],617,427,421,250
1737984523.2950473,[155 100 100],[175 255 255],[ 27 100 100],[ 47 255 255],617,427,423,251
1737984523.3933234,[155 100 100],[175 255 255],[ 27 100 100],[ 47 255 255],617,426,425,251
1737984523.4933577,[155 100 100],[175 255 255],[ 27 100 100],[ 47 255 255],617,415,426,251
1737984523.5935776,[155 100 100],[175 255 255],[ 27 100 100],[ 47 255 255],617,404,426,251
1737984523.6937807,[155 100 100],[175 255 255],[ 27 100 100],[ 47 255 255],619,399,429,251
1737984523.7937925,[155 100 100],[175 255 255],[ 27 100 100],[ 47 255 255],619,398,434,251
1737984523.8959699,[155 100 100],[175 255 255],[ 27 100 100],[ 47 255 255],621,398,441,251
1737984523.9943943,[155 100 100],[175 255 255],[ 27 100 100],[ 47 255 255],618,412,447,251
1737984524.0961359,[155 100 100],[175 255 255],[ 27 100 100],[ 47 255 255],618,423,385,251
1737984524.1948154,[155 100 100],[175 255 255],[ 27 100 100],[ 47 255 255],617,421,364,246
1737984524.2933247,[155 100 100],[175 255 255],[ 27 100 100],[ 47 255 255],617,416,331,234
1737984524.3942382,[155 100 100],[175 255 255],[ 27 100 100],[ 47 255 255],617,414,253,231
1737984524.493666,[155 100 100],[175 255 255],[ 27 100 100],[ 47 255 255],621,356,192,237
1737984524.5938928,[155 100 100],[175 255 255],[ 27 100 100],[ 47 255 255],623,246,154,239
1737984524.6935782,[155 100 100],[175 255 255],[ 27 100 100],[ 47 255 255],583,225,136,240
1737984524.7976599,[155 100 100],[175 255 255],[ 27 100 100],[ 47 255 255],531,190,115,248
1737984524.8976412,[155 100 100],[175 255 255],[ 27 100 100],[ 47 255 255],498,213,115,262
1737984524.9985015,[155 100 100],[175 255 255],[ 27 100 100],[ 47 255 255],478,244,115,266
1737984525.0979338,[155 100 100],[175 255 255],[ 27 100 100],[ 47 255 255],450,248,129,268
1737984525.1977851,[155 100 100],[175 255 255],[ 27 100 100],[ 47 255 255],439,247,124,268
1737984525.2976286,[155 100 100],[175 255 255],[ 27 100 100],[ 47 255 255],427,244,107,268
1737984525.3986592,[155 100 100],[175 255 255],[ 27 100 100],[ 47 255 255],393,241,93,261
1737984525.4969323,[155 100 100],[175 255 255],[ 27 100 100],[ 47 255 255],323,240,78,258
1737984525.5970275,[155 100 100],[175 255 255],[ 27 100 100],[ 47 255 255],268,240,45,261
1737984525.6985948,[155 100 100],[175 255 255],[ 27 100 100],[ 47 255 255],259,242,42,261
1737984525.7975788,[155 100 100],[175 255 255],[ 27 100 100],[ 47 255 255],271,241,44,259
1737984525.8983877,[155 100 100],[175 255 255],[ 27 100 100],[ 47 255 255],275,240,46,257
1737984525.9980001,[155 100 100],[175 255 255],[ 27 100 100],[ 47 255 255],282,240,44,257
1737984526.0972462,[155 100 100],[175 255 255],[ 27 100 100],[ 47 255 255],305,240,55,223
1737984526.2014728,[155 100 100],[175 255 255],[ 27 100 100],[ 47 255 255],335,240,70,248
1737984526.3011565,[155 100 100],[175 255 255],[ 27 100 100],[ 47 255 255],357,240,81,257
1737984526.4012814,[155 100 100],[175 255 255],[ 27 100 100],[ 47 255 255],396,240,99,261
1737984526.5019798,[155 100 100],[175 255 255],[ 27 100 100],[ 47 255 255],449,240,148,261
1737984526.6020865,[155 100 100],[175 255 255],[ 27 100 100],[ 47 255 255],482,240,192,259
1737984526.7016761,[155 100 100],[175 255 255],[ 27 100 100],[ 47 255 255],524,240,209,260
1737984526.8017018,[155 100 100],[175 255 255],[ 27 100 100],[ 47 255 255],546,305,215,260
1737984526.9012625,[155 100 100],[175 255 255],[ 27 100 100],[ 47 255 255],553,330,220,260
1737984527.001573,[155 100 100],[175 255 255],[ 27 100 100],[ 47 255 255],557,335,221,260
1737984527.1012578,[155 100 100],[175 255 255],[ 27 100 100],[ 47 255 255],558,344,223,260
1737984527.201982,[155 100 100],[175 255 255],[ 27 100 100],[ 47 255 255],555,353,215,262
1737984527.3023713,[155 100 100],[175 255 255],[ 27 100 100],[ 47 255 255],545,355,205,262
1737984527.401859,[155 100 100],[175 255 255],[ 27 100 100],[ 47 255 255],534,355,195,263
1737984527.5037463,[155 100 100],[175 255 255],[ 27 100 100],[ 47 255 255],523,357,188,264
1737984527.6020577,[155 100 100],[175 255 255],[ 27 100 100],[ 47 255 255],515,357,185,265
1737984527.7058055,[155 100 100],[175 255 255],[ 27 100 100],[ 47 255 255],517,358,186,265
1737984527.8070579,[155 100 100],[175 255 255],[ 27 100 100],[ 47 255 255],518,360,183,265
1737984527.9054995,[155 100 100],[175 255 255],[ 27 100 100],[ 47 255 255],520,362,180,265
1737984528.0075865,[155 100 100],[175 255 255],[ 27 100 100],[ 47 255 255],517,360,179,265
1737984528.1059768,[155 100 100],[175 255 255],[ 27 100 100],[ 47 255 255],517,359,181,265
1737984528.2073164,[155 100 100],[175 255 255],[ 27 100 100],[ 47 255 255],514,360,179,265
1737984528.3054576,[155 100 100],[175 255 255],[ 27 100 100],[ 47 255 255],509,360,176,266
1737984528.4058058,[155 100 100],[175 255 255],[ 27 100 100],[ 47 255 255],507,360,172,193
1737984528.5059166,[155 100 100],[175 255 255],[ 27 100 100],[ 47 255 255],502,357,172,172
1737984528.6061735,[155 100 100],[175 255 255],[ 27 100 100],[ 47 255 255],483,239,169,288
1737984528.7057853,[155 100 100],[175 255 255],[ 27 100 100],[ 47 255 255],399,192,,
1737984528.8060179,[155 100 100],[175 255 255],[ 27 100 100],[ 47 255 255],301,161,,
1737984528.906151,[155 100 100],[175 255 255],[ 27 100 100],[ 47 255 255],235,161,,
1737984529.005995,[155 100 100],[175 255 255],[ 27 100 100],[ 47 255 255],195,147,,
1737984529.1081395,[155 100 100],[175 255 255],[ 27 100 100],[ 47 255 255],156,151,,
1737984529.2090724,[155 100 100],[175 255 255],[ 27 100 100],[ 47 255 255],123,165,,
1737984529.3095772,[155 100 100],[175 255 255],[ 27 100 100],[ 47 255 255],104,161,,
1737984529.4090877,[155 100 100],[175 255 255],[ 27 100 100],[ 47 255 255],103,156,,
1737984529.5094793,[155 100 100],[175 255 255],[ 27 100 100],[ 47 255 255],91,148,12,271
1737984529.6103637,[155 100 100],[175 255 255],[ 27 100 100],[ 47 255 255],49,86,,
1737984529.709257,[155 100 100],[175 255 255],[ 27 100 100],[ 47 255 255],,,,
1737984529.809734,[155 100 100],[175 255 255],[ 27 100 100],[ 47 255 255],,,,
1737984529.90974,[155 100 100],[175 255 255],[ 27 100 100],[ 47 255 255],,,,
1737984530.0100508,[155 100 100],[175 255 255],[ 27 100 100],[ 47 255 255],,,,
1737984530.1092033,[155 100 100],[175 255 255],[ 27 100 100],[ 47 255 255],,,,
1737984530.2094364,[155 100 100],[175 255 255],[ 27 100 100],[ 47 255 255],,,,
1737984530.3094525,[155 100 100],[175 255 255],[ 27 100 100],[ 47 255 255],18,194,224,37
1737984530.4103842,[155 100 100],[175 255 255],[ 27 100 100],[ 47 255 255],144,147,107,112
1737984530.5110981,[155 100 100],[175 255 255],[ 27 100 100],[ 47 255 255],257,141,123,145
1737984530.6098297,[155 100 100],[175 255 255],[ 27 100 100],[ 47 255 255],324,157,197,177
1737984530.7132726,[155 100 100],[175 255 255],[ 27 100 100],[ 47 255 255],373,186,257,205
1737984530.8130884,[155 100 100],[175 255 255],[ 27 100 100],[ 47 255 255],404,212,308,235
1737984530.9144268,[155 100 100],[175 255 255],[ 27 100 100],[ 47 255 255],422,223,339,248
1737984531.0137937,[155 100 100],[175 255 255],[ 27 100 100],[ 47 255 255],433,228,356,252
1737984531.113884,[155 100 100],[175 255 255],[ 27 100 100],[ 47 255 255],428,230,360,252
1737984531.2130418,[155 100 100],[175 255 255],[ 27 100 100],[ 47 255 255],422,233,361,255
1737984531.313244,[155 100 100],[175 255 255],[ 27 100 100],[ 47 255 255],414,235,353,258
1737984531.4138885,[155 100 100],[175 255 255],[ 27 100 100],[ 47 255 255],406,234,339,258
1737984531.5131428,[155 100 100],[175 255 255],[ 27 100 100],[ 47 255 255],401,232,325,256
1737984531.6136258,[155 100 100],[175 255 255],[ 27 100 100],[ 47 255 255],389,229,314,253
1737984531.713261,[155 100 100],[175 255 255],[ 27 100 100],[ 47 255 255],379,227,304,251
1737984531.8136973,[155 100 100],[175 255 255],[ 27 100 100],[ 47 255 255],374,226,301,251
1737984531.913515,[155 100 100],[175 255 255],[ 27 100 100],[ 47 255 255],371,226,301,254
1737984532.0140977,[155 100 100],[175 255 255],[ 27 100 100],[ 47 255 255],370,226,301,253
1737984532.1180573,[155 100 100],[175 255 255],[ 27 100 100],[ 47 255 255],370,227,304,254
1737984532.2173803,[155 100 100],[175 255 255],[ 27 100 100],[ 47 255 255],371,227,308,254
1737984532.3171778,[155 100 100],[175 255 255],[ 27 100 100],[ 47 255 255],373,228,313,255
1737984532.417966,[155 100 100],[175 255 255],[ 27 100 100],[ 47 255 255],375,230,316,257
1737984532.517721,[155 100 100],[175 255 255],[ 27 100 100],[ 47 255 255],377,234,318,261
1737984532.617504,[155 100 100],[175 255 255],[ 27 100 100],[ 47 255 255],377,238,319,265
1737984532.717379,[155 100 100],[175 255 255],[ 27 100 100],[ 47 255 255],376,242,316,270
1737984532.81782,[155 100 100],[175 255 255],[ 27 100 100],[ 47 255 255],374,244,316,272
1737984532.9190676,[155 100 100],[175 255 255],[ 27 100 100],[ 47 255 255],366,209,315,272
1737984533.0175602,[155 100 100],[175 255 255],[ 27 100 100],[ 47 255 255],363,201,310,273
1737984533.117101,[155 100 100],[175 255 255],[ 27 100 100],[ 47 255 255],366,231,312,273
1737984533.2176704,[155 100 100],[175 255 255],[ 27 100 100],[ 47 255 255],365,238,309,272
1737984533.3171828,[155 100 100],[175 255 255],[ 27 100 100],[ 47 255 255],362,239,306,271
1737984533.4177446,[155 100 100],[175 255 255],[ 27 100 100],[ 47 255 255],359,239,304,271
1737984533.5173585,[155 100 100],[175 255 255],[ 27 100 100],[ 47 255 255],355,241,299,273
1737984533.6213896,[155 100 100],[175 255 255],[ 27 100 100],[ 47 255 255],347,241,284,271
1737984533.7209547,[155 100 100],[175 255 255],[ 27 100 100],[ 47 255 255],325,240,256,268
1737984533.8232057,[155 100 100],[175 255 255],[ 27 100 100],[ 47 255 255],293,237,209,263
1737984533.9231892,[155 100 100],[175 255 255],[ 27 100 100],[ 47 255 255],251,236,152,262
1737984534.0213368,[155 100 100],[175 255 255],[ 27 100 100],[ 47 255 255],208,238,101,266
1737984534.1214359,[155 100 100],[175 255 255],[ 27 100 100],[ 47 255 255],184,238,79,269
1737984534.2211237,[155 100 100],[175 255 255],[ 27 100 100],[ 47 255 255],189,237,86,269
1737984534.3210654,[155 100 100],[175 255 255],[ 27 100 100],[ 47 255 255],203,237,105,269
1737984534.423683,[155 100 100],[175 255 255],[ 27 100 100],[ 47 255 255],214,237,122,269
1737984534.5210104,[155 100 100],[175 255 255],[ 27 100 100],[ 47 255 255],223,233,136,264
1737984534.6210592,[155 100 100],[175 255 255],[ 27 100 100],[ 47 255 255],231,228,147,259
1737984534.7214751,[155 100 100],[175 255 255],[ 27 100 100],[ 47 255 255],238,225,154,256
1737984534.8237665,[155 100 100],[175 255 255],[ 27 100 100],[ 47 255 255],243,225,161,255
1737984534.9229925,[155 100 100],[175 255 255],[ 27 100 100],[ 47 255 255],247,227,165,258
1737984535.0233216,[155 100 100],[175 255 255],[ 27 100 100],[ 47 255 255],250,229,169,261
1737984535.125277,[155 100 100],[175 255 255],[ 27 100 100],[ 47 255 255],254,231,172,262
1737984535.2250128,[155 100 100],[175 255 255],[ 27 100 100],[ 47 255 255],256,231,174,263
1737984535.327749,[155 100 100],[175 255 255],[ 27 100 100],[ 47 255 255],256,232,174,265
1737984535.4254823,[155 100 100],[175 255 255],[ 27 100 100],[ 47 255 255],256,235,175,267
1737984535.5251455,[155 100 100],[175 255 255],[ 27 100 100],[ 47 255 255],255,237,175,270
1737984535.6250865,[155 100 100],[175 255 255],[ 27 100 100],[ 47 255 255],257,239,177,272
1737984535.7279143,[155 100 100],[175 255 255],[ 27 100 100],[ 47 255 255],257,238,179,272
1737984535.824949,[155 100 100],[175 255 255],[ 27 100 100],[ 47 255 255],257,236,179,270
1737984535.9250057,[155 100 100],[175 255 255],[ 27 100 100],[ 47 255 255],256,234,176,268
1737984536.025465,[155 100 100],[175 255 255],[ 27 100 100],[ 47 255 255],253,233,173,266
1737984536.1277168,[155 100 100],[175 255 255],[ 27 100 100],[ 47 255 255],253,232,171,266
1737984536.2281451,[155 100 100],[175 255 255],[ 27 100 100],[ 47 255 255],252,232,172,266
1737984536.3250134,[155 100 100],[175 255 255],[ 27 100 100],[ 47 255 255],253,232,174,266
1737984536.4255207,[155 100 100],[175 255 255],[ 27 100 100],[ 47 255 255],253,232,175,266
1737984536.525119,[155 100 100],[175 255 255],[ 27 100 100],[ 47 255 255],255,232,175,266
1737984536.629103,[155 100 100],[175 255 255],[ 27 100 100],[ 47 255 255],254,233,175,266
1737984536.7294846,[155 100 100],[175 255 255],[ 27 100 100],[ 47 255 255],253,234,176,267
1737984536.73104,[155 100 100],[175 255 255],[ 27 100 100],[ 47 255 255],253,234,176,267
1737984546.753191,[154 100 100],[174 255 255],[ 23 100 100],[ 43 255 255],220,243,137,271
1737984546.852793,[154 100 100],[174 255 255],[ 23 100 100],[ 43 255 255],211,245,125,271
1737984546.9568655,[154 100 100],[174 255 255],[ 23 100 100],[ 43 255 255],208,246,122,272
1737984547.0561376,[154 100 100],[174 255 255],[ 23 100 100],[ 43 255 255],207,247,122,272
1737984547.1560571,[154 100 100],[174 255 255],[ 23 100 100],[ 43 255 255],208,250,122,275
1737984547.255963,[154 100 100],[174 255 255],[ 23 100 100],[ 43 255 255],208,263,124,287
1737984547.3561351,[154 100 100],[174 255 255],[ 23 100 100],[ 43 255 255],191,285,105,308
1737984547.456439,[154 100 100],[174 255 255],[ 23 100 100],[ 43 255 255],165,297,77,321
1737984547.556717,[154 100 100],[174 255 255],[ 23 100 100],[ 43 255 255],157,288,68,313
1737984547.6565218,[154 100 100],[174 255 255],[ 23 100 100],[ 43 255 255],176,269,91,296
1737984547.756526,[154 100 100],[174 255 255],[ 23 100 100],[ 43 255 255],201,251,116,278
1737984547.856156,[154 100 100],[174 255 255],[ 23 100 100],[ 43 255 255],210,240,123,268
1737984547.9566844,[154 100 100],[174 255 255],[ 23 100 100],[ 43 255 255],202,237,113,265
1737984548.056236,[154 100 100],[174 255 255],[ 23 100 100],[ 43 255 255],187,237,99,266
1737984548.1561315,[154 100 100],[174 255 255],[ 23 100 100],[ 43 255 255],180,237,94,267
1737984548.256147,[154 100 100],[174 255 255],[ 23 100 100],[ 43 255 255],182,236,97,266
1737984548.3558817,[154 100 100],[174 255 255],[ 23 100 100],[ 43 255 255],188,236,102,265
1737984548.460485,[154 100 100],[174 255 255],[ 23 100 100],[ 43 255 255],193,236,110,265
1737984548.560697,[154 100 100],[174 255 255],[ 23 100 100],[ 43 255 255],202,236,117,265
1737984548.6604848,[154 100 100],[174 255 255],[ 23 100 100],[ 43 255 255],213,236,126,264
1737984548.760388,[154 100 100],[174 255 255],[ 23 100 100],[ 43 255 255],224,236,147,264
1737984548.8605645,[154 100 100],[174 255 255],[ 23 100 100],[ 43 255 255],230,238,156,265
1737984548.9608648,[154 100 100],[174 255 255],[ 23 100 100],[ 43 255 255],232,242,158,270
1737984549.0609562,[154 100 100],[174 255 255],[ 23 100 100],[ 43 255 255],233,246,157,274
1737984549.160388,[154 100 100],[174 255 255],[ 23 100 100],[ 43 255 255],233,249,160,276
1737984549.26079,[154 100 100],[174 255 255],[ 23 100 100],[ 43 255 255],237,250,164,277
1737984549.3609674,[154 100 100],[174 255 255],[ 23 100 100],[ 43 255 255],240,250,166,277
1737984549.4607587,[154 100 100],[174 255 255],[ 23 100 100],[ 43 255 255],240,250,167,277
1737984549.462411,[154 100 100],[174 255 255],[ 23 100 100],[ 43 255 255],240,250,167,277
1737984557.784355,[151 100 100],[171 255 255],[ 23 100 100],[ 43 255 255],225,238,150,268
1737984557.8843303,[151 100 100],[171 255 255],[ 23 100 100],[ 43 255 255],225,233,145,265
1737984557.985531,[151 100 100],[171 255 255],[ 23 100 100],[ 43 255 255],224,231,144,263
1737984558.0841107,[151 100 100],[171 255 255],[ 23 100 100],[ 43 255 255],222,230,144,263
1737984558.1847384,[151 100 100],[171 255 255],[ 23 100 100],[ 43 255 255],220,229,144,262
1737984558.2840288,[151 100 100],[171 255 255],[ 23 100 100],[ 43 255 255],201,231,118,266
1737984558.3841696,[151 100 100],[171 255 255],[ 23 100 100],[ 43 255 255],147,241,60,283
1737984558.4846408,[151 100 100],[171 255 255],[ 23 100 100],[ 43 255 255],72,266,189,325
1737984558.584631,[151 100 100],[171 255 255],[ 23 100 100],[ 43 255 255],50,268,187,119
1737984558.684675,[151 100 100],[171 255 255],[ 23 100 100],[ 43 255 255],90,241,84,230
1737984558.7887065,[151 100 100],[171 255 255],[ 23 100 100],[ 43 255 255],176,226,117,251
1737984558.8886867,[151 100 100],[171 255 255],[ 23 100 100],[ 43 255 255],255,223,188,254
1737984558.9880962,[151 100 100],[171 255 255],[ 23 100 100],[ 43 255 255],300,222,218,254
1737984559.088536,[151 100 100],[171 255 255],[ 23 100 100],[ 43 255 255],309,221,224,253
1737984559.1884856,[151 100 100],[171 255 255],[ 23 100 100],[ 43 255 255],303,219,217,251
1737984559.290443,[151 100 100],[171 255 255],[ 23 100 100],[ 43 255 255],297,219,212,250
1737984559.3905518,[151 100 100],[171 255 255],[ 23 100 100],[ 43 255 255],298,219,194,250
1737984559.4888167,[151 100 100],[171 255 255],[ 23 100 100],[ 43 255 255],297,219,211,250
1737984559.5883415,[151 100 100],[171 255 255],[ 23 100 100],[ 43 255 255],266,219,171,259
1737984559.6882102,[151 100 100],[171 255 255],[ 23 100 100],[ 43 255 255],189,216,77,282
1737984559.7891812,[151 100 100],[171 255 255],[ 23 100 100],[ 43 255 255],102,252,32,292
1737984559.8884552,[151 100 100],[171 255 255],[ 23 100 100],[ 43 255 255],179,228,90,279
1737984559.9887767,[151 100 100],[171 255 255],[ 23 100 100],[ 43 255 255],280,233,202,275
1737984560.088114,[151 100 100],[171 255 255],[ 23 100 100],[ 43 255 255],340,242,253,278
1737984560.1885886,[151 100 100],[171 255 255],[ 23 100 100],[ 43 255 255],347,249,259,283
1737984560.2943435,[151 100 100],[171 255 255],[ 23 100 100],[ 43 255 255],347,253,252,287
1737984560.394633,[151 100 100],[171 255 255],[ 23 100 100],[ 43 255 255],350,257,223,289
1737984560.4928308,[151 100 100],[171 255 255],[ 23 100 100],[ 43 255 255],347,257,213,290
1737984560.592553,[151 100 100],[171 255 255],[ 23 100 100],[ 43 255 255],344,255,248,290
1737984560.692868,[151 100 100],[171 255 255],[ 23 100 100],[ 43 255 255],309,250,218,294
1737984560.7930114,[151 100 100],[171 255 255],[ 23 100 100],[ 43 255 255],222,236,106,312
1737984560.8924162,[151 100 100],[171 255 255],[ 23 100 100],[ 43 255 255],114,271,43,315
1737984560.9925525,[151 100 100],[171 255 255],[ 23 100 100],[ 43 255 255],180,245,88,305
1737984561.0928721,[151 100 100],[171 255 255],[ 23 100 100],[ 43 255 255],287,255,209,302
1737984561.1922998,[151 100 100],[171 255 255],[ 23 100 100],[ 43 255 255],362,268,270,306
1737984561.2924116,[151 100 100],[171 255 255],[ 23 100 100],[ 43 255 255],369,271,274,308
1737984561.3922968,[151 100 100],[171 255 255],[ 23 100 100],[ 43 255 255],366,273,246,308
1737984561.4937649,[151 100 100],[171 255 255],[ 23 100 100],[ 43 255 255],363,274,232,309
1737984561.5928714,[151 100 100],[171 255 255],[ 23 100 100],[ 43 255 255],362,274,234,310
1737984561.6928456,[151 100 100],[171 255 255],[ 23 100 100],[ 43 255 255],356,275,224,310
1737984561.7966833,[151 100 100],[171 255 255],[ 23 100 100],[ 43 255 255],364,277,263,312
1737984561.8966968,[151 100 100],[171 255 255],[ 23 100 100],[ 43 255 255],361,275,249,309
1737984561.996758,[151 100 100],[171 255 255],[ 23 100 100],[ 43 255 255],353,272,258,306
1737984562.0968113,[151 100 100],[171 255 255],[ 23 100 100],[ 43 255 255],343,271,256,305
1737984562.1964564,[151 100 100],[171 255 255],[ 23 100 100],[ 43 255 255],343,271,256,305
1737984562.2967188,[151 100 100],[171 255 255],[ 23 100 100],[ 43 255 255],345,271,258,306
1737984562.396991,[151 100 100],[171 255 255],[ 23 100 100],[ 43 255 255],335,271,255,306
1737984562.4965305,[151 100 100],[171 255 255],[ 23 100 100],[ 43 255 255],332,273,255,306
1737984562.5969362,[151 100 100],[171 255 255],[ 23 100 100],[ 43 255 255],332,273,260,307
1737984562.6969998,[151 100 100],[171 255 255],[ 23 100 100],[ 43 255 255],336,271,255,306
1737984562.796518,[151 100 100],[171 255 255],[ 23 100 100],[ 43 255 255],329,269,255,303
1737984562.8967233,[151 100 100],[171 255 255],[ 23 100 100],[ 43 255 255],333,267,252,300
1737984562.996481,[151 100 100],[171 255 255],[ 23 100 100],[ 43 255 255],329,257,254,289
1737984563.0968914,[151 100 100],[171 255 255],[ 23 100 100],[ 43 255 255],322,243,247,274
1737984563.2003736,[151 100 100],[171 255 255],[ 23 100 100],[ 43 255 255],315,238,237,269
1737984563.300819,[151 100 100],[171 255 255],[ 23 100 100],[ 43 255 255],306,251,227,280
1737984563.4001,[151 100 100],[171 255 255],[ 23 100 100],[ 43 255 255],301,274,221,303
1737984563.5004396,[151 100 100],[171 255 255],[ 23 100 100],[ 43 255 255],296,294,219,322
1737984563.600409,[151 100 100],[171 255 255],[ 23 100 100],[ 43 255 255],298,309,221,335
1737984563.700811,[151 100 100],[171 255 255],[ 23 100 100],[ 43 255 255],299,322,225,344
1737984563.8005788,[151 100 100],[171 255 255],[ 23 100 100],[ 43 255 255],303,329,230,349
1737984563.9004693,[151 100 100],[171 255 255],[ 23 100 100],[ 43 255 255],305,330,232,350
1737984564.0005693,[151 100 100],[171 255 255],[ 23 100 100],[ 43 255 255],307,328,233,350
1737984564.1009393,[151 100 100],[171 255 255],[ 23 100 100],[ 43 255 255],303,328,231,350
1737984564.2007086,[151 100 100],[171 255 255],[ 23 100 100],[ 43 255 255],300,327,228,350
1737984564.3002808,[151 100 100],[171 255 255],[ 23 100 100],[ 43 255 255],292,319,223,347
1737984564.400585,[151 100 100],[171 255 255],[ 23 100 100],[ 43 255 255],282,297,214,330
1737984564.5008771,[151 100 100],[171 255 255],[ 23 100 100],[ 43 255 255],270,263,203,302
1737984564.601354,[151 100 100],[171 255 255],[ 23 100 100],[ 43 255 255],251,228,191,274
1737984564.7049341,[151 100 100],[171 255 255],[ 23 100 100],[ 43 255 255],232,195,179,249
1737984564.8052151,[151 100 100],[171 255 255],[ 23 100 100],[ 43 255 255],220,162,177,228
1737984564.904281,[151 100 100],[171 255 255],[ 23 100 100],[ 43 255 255],210,124,191,218
1737984565.0053706,[151 100 100],[171 255 255],[ 23 100 100],[ 43 255 255],204,80,221,201
1737984565.1045678,[151 100 100],[171 255 255],[ 23 100 100],[ 43 255 255],210,88,256,206
1737984565.2050402,[151 100 100],[171 255 255],[ 23 100 100],[ 43 255 255],214,131,279,253
1737984565.304295,[151 100 100],[171 255 255],[ 23 100 100],[ 43 255 255],228,219,290,346
1737984565.4044871,[151 100 100],[171 255 255],[ 23 100 100],[ 43 255 255],238,303,299,412
1737984565.5048764,[151 100 100],[171 255 255],[ 23 100 100],[ 43 255 255],244,338,302,434
1737984565.605282,[151 100 100],[171 255 255],[ 23 100 100],[ 43 255 255],246,359,295,442
1737984565.7042937,[151 100 100],[171 255 255],[ 23 100 100],[ 43 255 255],243,370,357,448
1737984565.8048499,[151 100 100],[171 255 255],[ 23 100 100],[ 43 255 255],243,374,310,450
1737984565.9042442,[151 100 100],[171 255 255],[ 23 100 100],[ 43 255 255],248,371,290,447
1737984566.004356,[151 100 100],[171 255 255],[ 23 100 100],[ 43 255 255],269,369,290,453
1737984566.104513,[151 100 100],[171 255 255],[ 23 100 100],[ 43 255 255],288,373,306,456
1737984566.208358,[151 100 100],[171 255 255],[ 23 100 100],[ 43 255 255],311,379,378,460
1737984566.3080359,[151 100 100],[171 255 255],[ 23 100 100],[ 43 255 255],328,382,455,467
1737984566.4090824,[151 100 100],[171 255 255],[ 23 100 100],[ 43 255 255],336,390,487,467
1737984566.5085685,[151 100 100],[171 255 255],[ 23 100 100],[ 43 255 255],338,392,462,464
1737984566.6093328,[151 100 100],[171 255 255],[ 23 100 100],[ 43 255 255],340,393,475,464
1737984566.7084312,[151 100 100],[171 255 255],[ 23 100 100],[ 43 255 255],338,393,472,464
1737984566.8086803,[151 100 100],[171 255 255],[ 23 100 100],[ 43 255 255],340,391,491,458
1737984566.908236,[151 100 100],[171 255 255],[ 23 100 100],[ 43 255 255],253,404,,
1737984567.0086138,[151 100 100],[171 255 255],[ 23 100 100],[ 43 255 255],169,418,,
1737984567.1081269,[151 100 100],[171 255 255],[ 23 100 100],[ 43 255 255],,,,
1737984567.2078512,[151 100 100],[171 255 255],[ 23 100 100],[ 43 255 255],,,,
1737984567.3085015,[151 100 100],[171 255 255],[ 23 100 100],[ 43 255 255],,,,
1737984567.4087787,[151 100 100],[171 255 255],[ 23 100 100],[ 43 255 255],,,,
1737984567.5081098,[151 100 100],[171 255 255],[ 23 100 100],[ 43 255 255],,,,
1737984567.6084874,[151 100 100],[171 255 255],[ 23 100 100],[ 43 255 255],,,,
1737984567.7118056,[151 100 100],[171 255 255],[ 23 100 100],[ 43 255 255],,,,
1737984567.8119495,[151 100 100],[171 255 255],[ 23 100 100],[ 43 255 255],,,,
1737984567.9119484,[151 100 100],[171 255 255],[ 23 100 100],[ 43 255 255],,,,
1737984568.012147,[151 100 100],[171 255 255],[ 23 100 100],[ 43 255 255],,,,
1737984568.1119065,[151 100 100],[171 255 255],[ 23 100 100],[ 43 255 255],,,,
1737984568.2121162,[151 100 100],[171 255 255],[ 23 100 100],[ 43 255 255],,,,
1737984568.3122878,[151 100 100],[171 255 255],[ 23 100 100],[ 43 255 255],382,391,524,461
1737984568.4124708,[151 100 100],[171 255 255],[ 23 100 100],[ 43 255 255],354,384,510,465
1737984568.5122745,[151 100 100],[171 255 255],[ 23 100 100],[ 43 255 255],346,381,506,468
1737984568.6133523,[151 100 100],[171 255 255],[ 23 100 100],[ 43 255 255],343,381,501,468
1737984568.71227,[151 100 100],[171 255 255],[ 23 100 100],[ 43 255 255],343,381,495,467
1737984568.8125923,[151 100 100],[171 255 255],[ 23 100 100],[ 43 255 255],343,381,499,468
1737984568.9123194,[151 100 100],[171 255 255],[ 23 100 100],[ 43 255 255],343,381,499,468
1737984569.0121691,[151 100 100],[171 255 255],[ 23 100 100],[ 43 255 255],343,381,496,469
1737984569.118336,[151 100 100],[171 255 255],[ 23 100 100],[ 43 255 255],343,381,491,469
1737984569.2162743,[151 100 100],[171 255 255],[ 23 100 100],[ 43 255 255],343,381,491,469
1737984569.3162086,[151 100 100],[171 255 255],[ 23 100 100],[ 43 255 255],343,381,495,469
1737984569.4168227,[151 100 100],[171 255 255],[ 23 100 100],[ 43 255 255],342,382,487,470
1737984569.5162373,[151 100 100],[171 255 255],[ 23 100 100],[ 43 255 255],342,382,484,470
1737984569.6178553,[151 100 100],[171 255 255],[ 23 100 100],[ 43 255 255],341,384,483,470
1737984569.7162592,[151 100 100],[171 255 255],[ 23 100 100],[ 43 255 255],340,384,488,470
1737984569.8163574,[151 100 100],[171 255 255],[ 23 100 100],[ 43 255 255],340,384,490,470
1737984569.9163718,[151 100 100],[171 255 255],[ 23 100 100],[ 43 255 255],340,384,492,470
1737984570.0159202,[151 100 100],[171 255 255],[ 23 100 100],[ 43 255 255],340,384,494,470
1737984570.1158884,[151 100 100],[171 255 255],[ 23 100 100],[ 43 255 255],340,384,489,469
1737984570.216735,[151 100 100],[171 255 255],[ 23 100 100],[ 43 255 255],340,385,493,469
1737984570.3159695,[151 100 100],[171 255 255],[ 23 100 100],[ 43 255 255],340,384,499,469
1737984570.4163053,[151 100 100],[171 255 255],[ 23 100 100],[ 43 255 255],340,385,497,469
1737984570.5175507,[151 100 100],[171 255 255],[ 23 100 100],[ 43 255 255],340,386,494,469
1737984570.6218476,[151 100 100],[171 255 255],[ 23 100 100],[ 43 255 255],340,386,491,469
1737984570.719959,[151 100 100],[171 255 255],[ 23 100 100],[ 43 255 255],339,386,491,469
1737984570.8202224,[151 100 100],[171 255 255],[ 23 100 100],[ 43 255 255],339,386,492,469
1737984570.9207008,[151 100 100],[171 255 255],[ 23 100 100],[ 43 255 255],339,386,491,469
1737984571.020278,[151 100 100],[171 255 255],[ 23 100 100],[ 43 255 255],339,387,491,469
1737984571.1202912,[151 100 100],[171 255 255],[ 23 100 100],[ 43 255 255],339,387,494,469
1737984571.220174,[151 100 100],[171 255 255],[ 23 100 100],[ 43 255 255],338,388,492,469
1737984571.3201365,[151 100 100],[171 255 255],[ 23 100 100],[ 43 255 255],339,388,491,470
1737984571.4200606,[151 100 100],[171 255 255],[ 23 100 100],[ 43 255 255],339,388,493,469
1737984747.1323774,[156 100 100],[176 255 255],[ 31 100 100],[ 51 255 255],596,442,371,264
1737984747.2356715,[156 100 100],[176 255 255],[ 31 100 100],[ 51 255 255],596,442,369,264
1737984747.3371189,[156 100 100],[176 255 255],[ 31 100 100],[ 51 255 255],596,442,359,259
1737984747.4356732,[156 100 100],[176 255 255],[ 31 100 100],[ 51 255 255],596,440,326,238
1737984747.536473,[156 100 100],[176 255 255],[ 31 100 100],[ 51 255 255],596,436,285,232
1737984747.6362312,[156 100 100],[176 255 255],[ 31 100 100],[ 51 255 255],596,437,257,246
1737984747.7360568,[156 100 100],[176 255 255],[ 31 100 100],[ 51 255 255],596,437,258,273
1737984747.8358674,[156 100 100],[176 255 255],[ 31 100 100],[ 51 255 255],596,438,266,288
1737984747.935289,[156 100 100],[176 255 255],[ 31 100 100],[ 51 255 255],596,438,268,292
1737984748.0357232,[156 100 100],[176 255 255],[ 31 100 100],[ 51 255 255],596,438,268,294
1737984748.1354246,[156 100 100],[176 255 255],[ 31 100 100],[ 51 255 255],596,439,271,294
1737984748.2356231,[156 100 100],[176 255 255],[ 31 100 100],[ 51 255 255],596,439,273,294
1737984748.335226,[156 100 100],[176 255 255],[ 31 100 100],[ 51 255 255],596,439,275,294
1737984748.4368408,[156 100 100],[176 255 255],[ 31 100 100],[ 51 255 255],596,440,277,294
1737984748.5362961,[156 100 100],[176 255 255],[ 31 100 100],[ 51 255 255],596,441,276,294
1737984748.6352336,[156 100 100],[176 255 255],[ 31 100 100],[ 51 255 255],596,441,275,294
1737984748.7396746,[156 100 100],[176 255 255],[ 31 100 100],[ 51 255 255],596,441,272,294
1737984748.8396575,[156 100 100],[176 255 255],[ 31 100 100],[ 51 255 255],596,441,270,294
1737984748.940819,[156 100 100],[176 255 255],[ 31 100 100],[ 51 255 255],596,441,269,294
1737984749.039574,[156 100 100],[176 255 255],[ 31 100 100],[ 51 255 255],596,441,268,294
1737984749.1413305,[156 100 100],[176 255 255],[ 31 100 100],[ 51 255 255],596,441,267,294
1737984749.2389374,[156 100 100],[176 255 255],[ 31 100 100],[ 51 255 255],596,441,267,294
1737984749.3394918,[156 100 100],[176 255 255],[ 31 100 100],[ 51 255 255],596,441,266,294
1737984749.4400432,[156 100 100],[176 255 255],[ 31 100 100],[ 51 255 255],596,441,265,294
1737984749.53902,[156 100 100],[176 255 255],[ 31 100 100],[ 51 255 255],596,441,265,294
1737984749.639495,[156 100 100],[176 255 255],[ 31 100 100],[ 51 255 255],596,441,265,294
1737984749.7401187,[156 100 100],[176 255 255],[ 31 100 100],[ 51 255 255],596,441,264,294
1737984749.839573,[156 100 100],[176 255 255],[ 31 100 100],[ 51 255 255],596,441,266,294
1737984749.9393091,[156 100 100],[176 255 255],[ 31 100 100],[ 51 255 255],596,441,270,294
1737984750.0396779,[156 100 100],[176 255 255],[ 31 100 100],[ 51 255 255],596,441,273,294
1737984750.1441174,[156 100 100],[176 255 255],[ 31 100 100],[ 51 255 255],596,441,275,293
1737984750.2430205,[156 100 100],[176 255 255],[ 31 100 100],[ 51 255 255],596,441,273,293
1737984750.3438883,[156 100 100],[176 255 255],[ 31 100 100],[ 51 255 255],596,441,273,292
1737984750.4431052,[156 100 100],[176 255 255],[ 31 100 100],[ 51 255 255],596,441,274,292
1737984750.5434253,[156 100 100],[176 255 255],[ 31 100 100],[ 51 255 255],596,440,276,292
1737984750.6432939,[156 100 100],[176 255 255],[ 31 100 100],[ 51 255 255],596,440,296,290
1737984750.7446263,[156 100 100],[176 255 255],[ 31 100 100],[ 51 255 255],596,441,283,290
1737984750.8437066,[156 100 100],[176 255 255],[ 31 100 100],[ 51 255 255],596,440,276,290
1737984750.9433315,[156 100 100],[176 255 255],[ 31 100 100],[ 51 255 255],596,440,274,290
1737984751.0435643,[156 100 100],[176 255 255],[ 31 100 100],[ 51 255 255],596,440,274,290
1737984751.143889,[156 100 100],[176 255 255],[ 31 100 100],[ 51 255 255],596,440,272,290
1737984751.2445996,[156 100 100],[176 255 255],[ 31 100 100],[ 51 255 255],596,440,272,290
1737984751.3435295,[156 100 100],[176 255 255],[ 31 100 100],[ 51 255 255],596,440,272,291
1737984751.4439626,[156 100 100],[176 255 255],[ 31 100 100],[ 51 255 255],596,440,251,291
1737984751.5438638,[156 100 100],[176 255 255],[ 31 100 100],[ 51 255 255],596,440,217,291
1737984751.647744,[156 100 100],[176 255 255],[ 31 100 100],[ 51 255 255],596,440,205,291
1737984751.748465,[156 100 100],[176 255 255],[ 31 100 100],[ 51 255 255],596,440,240,291
1737984751.850094,[156 100 100],[176 255 255],[ 31 100 100],[ 51 255 255],596,440,289,291
1737984751.9484017,[156 100 100],[176 255 255],[ 31 100 100],[ 51 255 255],596,440,278,291
1737984752.0474524,[156 100 100],[176 255 255],[ 31 100 100],[ 51 255 255],596,440,277,291
1737984752.147403,[156 100 100],[176 255 255],[ 31 100 100],[ 51 255 255],596,440,275,291
1737984752.2478065,[156 100 100],[176 255 255],[ 31 100 100],[ 51 255 255],596,440,273,291
1737984752.3471324,[156 100 100],[176 255 255],[ 31 100 100],[ 51 255 255],596,440,271,291
1737984752.4483354,[156 100 100],[176 255 255],[ 31 100 100],[ 51 255 255],596,440,270,291
1737984752.547058,[156 100 100],[176 255 255],[ 31 100 100],[ 51 255 255],596,440,270,291
1737984752.6475554,[156 100 100],[176 255 255],[ 31 100 100],[ 51 255 255],596,440,270,291
1737984752.7473614,[156 100 100],[176 255 255],[ 31 100 100],[ 51 255 255],596,440,267,291
1737984752.847166,[156 100 100],[176 255 255],[ 31 100 100],[ 51 255 255],596,440,267,291
1737984752.9473872,[156 100 100],[176 255 255],[ 31 100 100],[ 51 255 255],596,440,267,291
1737984753.047463,[156 100 100],[176 255 255],[ 31 100 100],[ 51 255 255],596,440,267,291
1737984753.151906,[156 100 100],[176 255 255],[ 31 100 100],[ 51 255 255],596,440,267,291
1737984753.2516274,[156 100 100],[176 255 255],[ 31 100 100],[ 51 255 255],596,440,267,291
1737984753.3517954,[156 100 100],[176 255 255],[ 31 100 100],[ 51 255 255],596,440,267,291
1737984753.4518151,[156 100 100],[176 255 255],[ 31 100 100],[ 51 255 255],596,440,267,291
1737984753.5510087,[156 100 100],[176 255 255],[ 31 100 100],[ 51 255 255],596,440,267,291
1737984753.6524668,[156 100 100],[176 255 255],[ 31 100 100],[ 51 255 255],596,440,267,292
1737984753.7513626,[156 100 100],[176 255 255],[ 31 100 100],[ 51 255 255],596,440,267,292
1737984753.8521526,[156 100 100],[176 255 255],[ 31 100 100],[ 51 255 255],596,440,267,292
1737984753.9516466,[156 100 100],[176 255 255],[ 31 100 100],[ 51 255 255],596,440,267,292
1737984754.0531404,[156 100 100],[176 255 255],[ 31 100 100],[ 51 255 255],596,440,267,292
1737984754.054838,[156 100 100],[176 255 255],[ 31 100 100],[ 51 255 255],596,440,267,292
1737984820.3958516,[ 23 100 100],[ 43 255 255],[153 100 100],[173 255 255],418,468,236,187
1737984820.4956193,[ 23 100 100],[ 43 255 255],[153 100 100],[173 255 255],414,468,240,184
1737984820.5961084,[ 23 100 100],[ 43 255 255],[153 100 100],[173 255 255],414,467,251,181
1737984820.6958137,[ 23 100 100],[ 43 255 255],[153 100 100],[173 255 255],418,465,302,171
1737984820.7961426,[ 23 100 100],[ 43 255 255],[153 100 100],[173 255 255],413,466,357,146
1737984820.895463,[ 23 100 100],[ 43 255 255],[153 100 100],[173 255 255],413,468,390,178
1737984820.9956007,[ 23 100 100],[ 43 255 255],[153 100 100],[173 255 255],409,468,394,260
1737984821.0954602,[ 23 100 100],[ 43 255 255],[153 100 100],[173 255 255],413,468,380,327
1737984821.1954496,[ 23 100 100],[ 43 255 255],[153 100 100],[173 255 255],413,468,373,356
1737984821.2976658,[ 23 100 100],[ 43 255 255],[153 100 100],[173 255 255],417,467,363,376
1737984821.3957937,[ 23 100 100],[ 43 255 255],[153 100 100],[173 255 255],433,467,362,386
1737984821.4958265,[ 23 100 100],[ 43 255 255],[153 100 100],[173 255 255],443,466,362,391
1737984821.59584,[ 23 100 100],[ 43 255 255],[153 100 100],[173 255 255],445,468,362,393
1737984821.6966615,[ 23 100 100],[ 43 255 255],[153 100 100],[173 255 255],284,463,365,389
1737984821.7966743,[ 23 100 100],[ 43 255 255],[153 100 100],[173 255 255],332,415,388,343
1737984821.9003544,[ 23 100 100],[ 43 255 255],[153 100 100],[173 255 255],369,334,427,270
1737984822.0009062,[ 23 100 100],[ 43 255 255],[153 100 100],[173 255 255],369,248,441,196
1737984822.1019952,[ 23 100 100],[ 43 255 255],[153 100 100],[173 255 255],330,205,406,172
1737984822.2000277,[ 23 100 100],[ 43 255 255],[153 100 100],[173 255 255],281,196,371,171
1737984822.3009303,[ 23 100 100],[ 43 255 255],[153 100 100],[173 255 255],259,200,352,185
1737984822.4000485,[ 23 100 100],[ 43 255 255],[153 100 100],[173 255 255],261,218,356,203
1737984822.5006154,[ 23 100 100],[ 43 255 255],[153 100 100],[173 255 255],288,302,369,227
1737984822.6007965,[ 23 100 100],[ 43 255 255],[153 100 100],[173 255 255],314,353,391,260
1737984822.7019575,[ 23 100 100],[ 43 255 255],[153 100 100],[173 255 255],325,369,404,281
1737984822.8002794,[ 23 100 100],[ 43 255 255],[153 100 100],[173 255 255],316,307,406,286
1737984822.8996656,[ 23 100 100],[ 43 255 255],[153 100 100],[173 255 255],309,286,404,288
1737984823.000279,[ 23 100 100],[ 43 255 255],[153 100 100],[173 255 255],311,284,408,288
1737984823.0999646,[ 23 100 100],[ 43 255 255],[153 100 100],[173 255 255],312,285,410,287
1737984823.2003324,[ 23 100 100],[ 43 255 255],[153 100 100],[173 255 255],305,286,412,287
1737984823.299931,[ 23 100 100],[ 43 255 255],[153 100 100],[173 255 255],305,283,422,285
1737984823.4056542,[ 23 100 100],[ 43 255 255],[153 100 100],[173 255 255],312,279,433,283
1737984823.5044415,[ 23 100 100],[ 43 255 255],[153 100 100],[173 255 255],315,278,438,283
1737984823.6048212,[ 23 100 100],[ 43 255 255],[153 100 100],[173 255 255],311,277,435,283
1737984823.7043722,[ 23 100 100],[ 43 255 255],[153 100 100],[173 255 255],310,280,434,283
1737984823.8053753,[ 23 100 100],[ 43 255 255],[153 100 100],[173 255 255],311,278,435,283
1737984823.9055607,[ 23 100 100],[ 43 255 255],[153 100 100],[173 255 255],293,282,425,283
1737984824.0042343,[ 23 100 100],[ 43 255 255],[153 100 100],[173 255 255],253,249,403,248
1737984824.1041644,[ 23 100 100],[ 43 255 255],[153 100 100],[173 255 255],178,167,313,170
1737984824.2041364,[ 23 100 100],[ 43 255 255],[153 100 100],[173 255 255],134,73,220,121
1737984824.304394,[ 23 100 100],[ 43 255 255],[153 100 100],[173 255 255],,,146,105
1737984824.4048464,[ 23 100 100],[ 43 255 255],[153 100 100],[173 255 255],,,106,102
1737984824.5045247,[ 23 100 100],[ 43 255 255],[153 100 100],[173 255 255],22,18,92,103
1737984824.60446,[ 23 100 100],[ 43 255 255],[153 100 100],[173 255 255],10,52,73,119
1737984824.7040792,[ 23 100 100],[ 43 255 255],[153 100 100],[173 255 255],,,48,171
1737984824.8079832,[ 23 100 100],[ 43 255 255],[153 100 100],[173 255 255],,,,
1737984824.9073641,[ 23 100 100],[ 43 255 255],[153 100 100],[173 255 255],,,,
1737984825.0084386,[ 23 100 100],[ 43 255 255],[153 100 100],[173 255 255],,,,
1737984825.1092863,[ 23 100 100],[ 43 255 255],[153 100 100],[173 255 255],,,72,275
1737984825.2073948,[ 23 100 100],[ 43 255 255],[153 100 100],[173 255 255],,,,
1737984825.307411,[ 23 100 100],[ 43 255 255],[153 100 100],[173 255 255],,,23,247
1737984825.4086583,[ 23 100 100],[ 43 255 255],[153 100 100],[173 255 255],37,247,83,228
1737984825.5083685,[ 23 100 100],[ 43 255 255],[153 100 100],[173 255 255],111,235,180,214
1737984825.608675,[ 23 100 100],[ 43 255 255],[153 100 100],[173 255 255],177,227,254,206
1737984825.7082908,[ 23 100 100],[ 43 255 255],[153 100 100],[173 255 255],214,224,293,201
1737984825.807626,[ 23 100 100],[ 43 255 255],[153 100 100],[173 255 255],234,226,313,201
1737984825.9081914,[ 23 100 100],[ 43 255 255],[153 100 100],[173 255 255],247,229,327,204
1737984826.008863,[ 23 100 100],[ 43 255 255],[153 100 100],[173 255 255],260,233,338,208
1737984826.1088293,[ 23 100 100],[ 43 255 255],[153 100 100],[173 255 255],269,237,346,212
1737984826.2084868,[ 23 100 100],[ 43 255 255],[153 100 100],[173 255 255],240,240,329,216
1737984826.3118029,[ 23 100 100],[ 43 255 255],[153 100 100],[173 255 255],92,246,234,216
1737984826.412802,[ 23 100 100],[ 43 255 255],[153 100 100],[173 255 255],,,93,233
1737984826.511763,[ 23 100 100],[ 43 255 255],[153 100 100],[173 255 255],,,,
1737984826.6117764,[ 23 100 100],[ 43 255 255],[153 100 100],[173 255 255],,,,
1737984826.7122433,[ 23 100 100],[ 43 255 255],[153 100 100],[173 255 255],,,73,237
1737984826.8126416,[ 23 100 100],[ 43 255 255],[153 100 100],[173 255 255],144,257,249,195
1737984826.9115562,[ 23 100 100],[ 43 255 255],[153 100 100],[173 255 255],325,261,402,206
1737984827.01252,[ 23 100 100],[ 43 255 255],[153 100 100],[173 255 255],430,263,498,233
1737984827.1122165,[ 23 100 100],[ 43 255 255],[153 100 100],[173 255 255],456,260,523,237
1737984827.2120109,[ 23 100 100],[ 43 255 255],[153 100 100],[173 255 255],376,258,464,230
1737984827.3123379,[ 23 100 100],[ 43 255 255],[153 100 100],[173 255 255],126,260,343,211
1737984827.4121535,[ 23 100 100],[ 43 255 255],[153 100 100],[173 255 255],,,121,212
1737984827.511463,[ 23 100 100],[ 43 255 255],[153 100 100],[173 255 255],,,,
1737984827.6118443,[ 23 100 100],[ 43 255 255],[153 100 100],[173 255 255],,,,
1737984827.7118282,[ 23 100 100],[ 43 255 255],[153 100 100],[173 255 255],,,63,274
1737984827.817254,[ 23 100 100],[ 43 255 255],[153 100 100],[173 255 255],87,280,232,257
1737984827.915518,[ 23 100 100],[ 43 255 255],[153 100 100],[173 255 255],280,296,377,248
1737984828.016733,[ 23 100 100],[ 43 255 255],[153 100 100],[173 255 255],404,310,487,278
1737984828.1160314,[ 23 100 100],[ 43 255 255],[153 100 100],[173 255 255],419,307,507,275
1737984828.2160523,[ 23 100 100],[ 43 255 255],[153 100 100],[173 255 255],253,285,406,263
1737984828.3166063,[ 23 100 100],[ 43 255 255],[153 100 100],[173 255 255],,,250,241
1737984828.4156897,[ 23 100 100],[ 43 255 255],[153 100 100],[173 255 255],,,,
1737984828.5157406,[ 23 100 100],[ 43 255 255],[153 100 100],[173 255 255],,,,
1737984828.6162822,[ 23 100 100],[ 43 255 255],[153 100 100],[173 255 255],,,,
1737984828.715752,[ 23 100 100],[ 43 255 255],[153 100 100],[173 255 255],,,25,285
1737984828.8166337,[ 23 100 100],[ 43 255 255],[153 100 100],[173 255 255],30,308,224,272
1737984828.916108,[ 23 100 100],[ 43 255 255],[153 100 100],[173 255 255],274,315,387,283
1737984829.0156858,[ 23 100 100],[ 43 255 255],[153 100 100],[173 255 255],423,315,512,290
1737984829.1161888,[ 23 100 100],[ 43 255 255],[153 100 100],[173 255 255],444,307,535,280
1737984829.2169223,[ 23 100 100],[ 43 255 255],[153 100 100],[173 255 255],271,288,423,261
1737984829.3196647,[ 23 100 100],[ 43 255 255],[153 100 100],[173 255 255],349,304,259,240
1737984829.4206057,[ 23 100 100],[ 43 255 255],[153 100 100],[173 255 255],,,,
1737984829.5203307,[ 23 100 100],[ 43 255 255],[153 100 100],[173 255 255],,,73,276
1737984829.61981,[ 23 100 100],[ 43 255 255],[153 100 100],[173 255 255],,,,
1737984829.7193553,[ 23 100 100],[ 43 255 255],[153 100 100],[173 255 255],,,,
1737984829.8202322,[ 23 100 100],[ 43 255 255],[153 100 100],[173 255 255],,,95,278
1737984829.9199564,[ 23 100 100],[ 43 255 255],[153 100 100],[173 255 255],167,301,258,268
1737984830.0204496,[ 23 100 100],[ 43 255 255],[153 100 100],[173 255 255],273,282,363,247
1737984830.120697,[ 23 100 100],[ 43 255 255],[153 100 100],[173 255 255],273,262,367,221
1737984830.2196531,[ 23 100 100],[ 43 255 255],[153 100 100],[173 255 255],175,316,233,208
1737984830.3193712,[ 23 100 100],[ 43 255 255],[153 100 100],[173 255 255],,,77,172
1737984830.4207585,[ 23 100 100],[ 43 255 255],[153 100 100],[173 255 255],,,,
1737984830.5197392,[ 23 100 100],[ 43 255 255],[153 100 100],[173 255 255],,,,
1737984830.620128,[ 23 100 100],[ 43 255 255],[153 100 100],[173 255 255],,,,
1737984830.720108,[ 23 100 100],[ 43 255 255],[153 100 100],[173 255 255],126,388,138,247
1737984830.825449,[ 23 100 100],[ 43 255 255],[153 100 100],[173 255 255],219,317,295,245
1737984830.9237423,[ 23 100 100],[ 43 255 255],[153 100 100],[173 255 255],292,284,389,234
1737984831.0246851,[ 23 100 100],[ 43 255 255],[153 100 100],[173 255 255],191,256,311,210
1737984831.123558,[ 23 100 100],[ 43 255 255],[153 100 100],[173 255 255],,,139,195
1737984831.223713,[ 23 100 100],[ 43 255 255],[153 100 100],[173 255 255],,,,
1737984831.3232021,[ 23 100 100],[ 43 255 255],[153 100 100],[173 255 255],,,,
1737984831.4243188,[ 23 100 100],[ 43 255 255],[153 100 100],[173 255 255],,,9,312
1737984831.5237498,[ 23 100 100],[ 43 255 255],[153 100 100],[173 255 255],139,348,110,239
1737984831.6249135,[ 23 100 100],[ 43 255 255],[153 100 100],[173 255 255],233,288,294,229
1737984831.723538,[ 23 100 100],[ 43 255 255],[153 100 100],[173 255 255],303,276,392,231
1737984831.824683,[ 23 100 100],[ 43 255 255],[153 100 100],[173 255 255],223,269,358,228
1737984831.9240828,[ 23 100 100],[ 43 255 255],[153 100 100],[173 255 255],,,172,227
1737984832.0243998,[ 23 100 100],[ 43 255 255],[153 100 100],[173 255 255],,,,
1737984832.124071,[ 23 100 100],[ 43 255 255],[153 100 100],[173 255 255],,,,
1737984832.227956,[ 23 100 100],[ 43 255 255],[153 100 100],[173 255 255],,,,
1737984832.32857,[ 23 100 100],[ 43 255 255],[153 100 100],[173 255 255],,,174,245
1737984832.427904,[ 23 100 100],[ 43 255 255],[153 100 100],[173 255 255],206,291,293,252
1737984832.527889,[ 23 100 100],[ 43 255 255],[153 100 100],[173 255 255],285,286,391,254
1737984832.6284144,[ 23 100 100],[ 43 255 255],[153 100 100],[173 255 255],308,276,424,247
1737984832.7277544,[ 23 100 100],[ 43 255 255],[153 100 100],[173 255 255],325,264,447,235
1737984832.828464,[ 23 100 100],[ 43 255 255],[153 100 100],[173 255 255],355,247,478,215
1737984832.9281456,[ 23 100 100],[ 43 255 255],[153 100 100],[173 255 255],384,220,514,184
1737984833.0285919,[ 23 100 100],[ 43 255 255],[153 100 100],[173 255 255],407,231,538,186
1737984833.1284773,[ 23 100 100],[ 43 255 255],[153 100 100],[173 255 255],423,269,551,233
1737984833.2285986,[ 23 100 100],[ 43 255 255],[153 100 100],[173 255 255],425,287,554,253
1737984833.328222,[ 23 100 100],[ 43 255 255],[153 100 100],[173 255 255],434,294,562,265
1737984833.4282942,[ 23 100 100],[ 43 255 255],[153 100 100],[173 255 255],441,296,571,281
1737984833.528698,[ 23 100 100],[ 43 255 255],[153 100 100],[173 255 255],452,296,577,286
1737984833.6290927,[ 23 100 100],[ 43 255 255],[153 100 100],[173 255 255],461,296,581,283
1737984833.7323954,[ 23 100 100],[ 43 255 255],[153 100 100],[173 255 255],472,292,572,209
1737984833.8326917,[ 23 100 100],[ 43 255 255],[153 100 100],[173 255 255],472,293,568,262
1737984833.931762,[ 23 100 100],[ 43 255 255],[153 100 100],[173 255 255],459,290,563,278
1737984834.0326269,[ 23 100 100],[ 43 255 255],[153 100 100],[173 255 255],449,290,556,282
1737984834.1325023,[ 23 100 100],[ 43 255 255],[153 100 100],[173 255 255],446,287,556,282
1737984834.2322657,[ 23 100 100],[ 43 255 255],[153 100 100],[173 255 255],448,286,558,282
1737984834.332444,[ 23 100 100],[ 43 255 255],[153 100 100],[173 255 255],441,286,555,280
1737984834.432304,[ 23 100 100],[ 43 255 255],[153 100 100],[173 255 255],432,286,552,280
1737984834.5316856,[ 23 100 100],[ 43 255 255],[153 100 100],[173 255 255],429,286,553,280
1737984834.6334088,[ 23 100 100],[ 43 255 255],[153 100 100],[173 255 255],440,282,557,263
1737984834.7318058,[ 23 100 100],[ 43 255 255],[153 100 100],[173 255 255],442,228,581,206
1737984834.8320544,[ 23 100 100],[ 43 255 255],[153 100 100],[173 255 255],430,176,567,158
1737984834.9318311,[ 23 100 100],[ 43 255 255],[153 100 100],[173 255 255],402,140,558,116
1737984835.0328956,[ 23 100 100],[ 43 255 255],[153 100 100],[173 255 255],336,146,545,104
1737984835.1334379,[ 23 100 100],[ 43 255 255],[153 100 100],[173 255 255],278,192,534,111
1737984835.2374434,[ 23 100 100],[ 43 255 255],[153 100 100],[173 255 255],335,194,606,34
1737984835.335774,[ 23 100 100],[ 43 255 255],[153 100 100],[173 255 255],354,233,571,27
1737984835.436378,[ 23 100 100],[ 43 255 255],[153 100 100],[173 255 255],,,425,125
1737984835.536246,[ 23 100 100],[ 43 255 255],[153 100 100],[173 255 255],,,416,281
1737984835.636242,[ 23 100 100],[ 43 255 255],[153 100 100],[173 255 255],,,434,349
1737984835.7365346,[ 23 100 100],[ 43 255 255],[153 100 100],[173 255 255],,,438,381
1737984835.8358843,[ 23 100 100],[ 43 255 255],[153 100 100],[173 255 255],,,439,390
1737984835.9355865,[ 23 100 100],[ 43 255 255],[153 100 100],[173 255 255],,,439,400
1737984836.035427,[ 23 100 100],[ 43 255 255],[153 100 100],[173 255 255],,,439,415
1737984836.1361034,[ 23 100 100],[ 43 255 255],[153 100 100],[173 255 255],,,439,419
1737984836.2355294,[ 23 100 100],[ 43 255 255],[153 100 100],[173 255 255],,,439,421
1737984836.3367918,[ 23 100 100],[ 43 255 255],[153 100 100],[173 255 255],,,439,422
1737984836.4375534,[ 23 100 100],[ 43 255 255],[153 100 100],[173 255 255],,,439,422
1737984836.5356495,[ 23 100 100],[ 43 255 255],[153 100 100],[173 255 255],,,439,422
1737984836.6369557,[ 23 100 100],[ 43 255 255],[153 100 100],[173 255 255],,,439,422
1737984836.7413774,[ 23 100 100],[ 43 255 255],[153 100 100],[173 255 255],,,439,422
1737984836.8401916,[ 23 100 100],[ 43 255 255],[153 100 100],[173 255 255],,,439,422
1737984836.9415514,[ 23 100 100],[ 43 255 255],[153 100 100],[173 255 255],,,439,422
1737984837.040163,[ 23 100 100],[ 43 255 255],[153 100 100],[173 255 255],,,439,421
1737984837.1403046,[ 23 100 100],[ 43 255 255],[153 100 100],[173 255 255],,,439,419
1737984837.2405076,[ 23 100 100],[ 43 255 255],[153 100 100],[173 255 255],,,439,417
1737984837.339462,[ 23 100 100],[ 43 255 255],[153 100 100],[173 255 255],,,440,417
1737984837.4401965,[ 23 100 100],[ 43 255 255],[153 100 100],[173 255 255],,,440,415
1737984837.540392,[ 23 100 100],[ 43 255 255],[153 100 100],[173 255 255],,,440,415
1737984837.6409898,[ 23 100 100],[ 43 255 255],[153 100 100],[173 255 255],,,440,414
1737984837.741273,[ 23 100 100],[ 43 255 255],[153 100 100],[173 255 255],,,440,414
1737984837.8411036,[ 23 100 100],[ 43 255 255],[153 100 100],[173 255 255],,,441,415
1737984837.940226,[ 23 100 100],[ 43 255 255],[153 100 100],[173 255 255],,,441,418
1737984838.0407906,[ 23 100 100],[ 43 255 255],[153 100 100],[173 255 255],,,441,413
1737984838.1445885,[ 23 100 100],[ 43 255 255],[153 100 100],[173 255 255],,,441,412
1737984838.2449474,[ 23 100 100],[ 43 255 255],[153 100 100],[173 255 255],,,441,415
1737984838.3440886,[ 23 100 100],[ 43 255 255],[153 100 100],[173 255 255],,,442,415
1737984838.4446106,[ 23 100 100],[ 43 255 255],[153 100 100],[173 255 255],,,443,415
1737984838.5440822,[ 23 100 100],[ 43 255 255],[153 100 100],[173 255 255],,,443,413
1737984838.6449826,[ 23 100 100],[ 43 255 255],[153 100 100],[173 255 255],,,443,414
1737984838.7451496,[ 23 100 100],[ 43 255 255],[153 100 100],[173 255 255],,,443,412
1737984838.8438623,[ 23 100 100],[ 43 255 255],[153 100 100],[173 255 255],,,443,414
1737984838.943951,[ 23 100 100],[ 43 255 255],[153 100 100],[173 255 255],,,443,416
1737984839.044246,[ 23 100 100],[ 43 255 255],[153 100 100],[173 255 255],,,443,414
1737984839.1452518,[ 23 100 100],[ 43 255 255],[153 100 100],[173 255 255],,,443,416
1737984839.2437053,[ 23 100 100],[ 43 255 255],[153 100 100],[173 255 255],,,443,418
1737984839.3436055,[ 23 100 100],[ 43 255 255],[153 100 100],[173 255 255],,,443,416
1737984839.4442697,[ 23 100 100],[ 43 255 255],[153 100 100],[173 255 255],,,443,415
1737984839.5436625,[ 23 100 100],[ 43 255 255],[153 100 100],[173 255 255],,,443,417
1737984839.6492348,[ 23 100 100],[ 43 255 255],[153 100 100],[173 255 255],427,1,443,418
1737984839.7479186,[ 23 100 100],[ 43 255 255],[153 100 100],[173 255 255],,,443,416
1737984839.8476508,[ 23 100 100],[ 43 255 255],[153 100 100],[173 255 255],,,443,417
1737984839.9495623,[ 23 100 100],[ 43 255 255],[153 100 100],[173 255 255],,,443,419
1737984840.0478,[ 23 100 100],[ 43 255 255],[153 100 100],[173 255 255],,,443,419
1737984840.1481273,[ 23 100 100],[ 43 255 255],[153 100 100],[173 255 255],,,443,419
1737984840.2488441,[ 23 100 100],[ 43 255 255],[153 100 100],[173 255 255],,,443,418
1737984840.348675,[ 23 100 100],[ 43 255 255],[153 100 100],[173 255 255],,,443,417
1737984840.4482605,[ 23 100 100],[ 43 255 255],[153 100 100],[173 255 255],,,443,418
1737984840.5506005,[ 23 100 100],[ 43 255 255],[153 100 100],[173 255 255],,,443,418
1737984840.6485462,[ 23 100 100],[ 43 255 255],[153 100 100],[173 255 255],,,443,418
1737984840.7481668,[ 23 100 100],[ 43 255 255],[153 100 100],[173 255 255],,,443,418
1737984840.8486514,[ 23 100 100],[ 43 255 255],[153 100 100],[173 255 255],,,443,417
1737984840.9478416,[ 23 100 100],[ 43 255 255],[153 100 100],[173 255 255],,,443,419
1737984841.048775,[ 23 100 100],[ 43 255 255],[153 100 100],[173 255 255],,,443,419
1737984841.1529286,[ 23 100 100],[ 43 255 255],[153 100 100],[173 255 255],,,443,419
1737984841.2520957,[ 23 100 100],[ 43 255 255],[153 100 100],[173 255 255],,,443,419
