1738046940.1425793,[ 75 100 100],[ 19 255 255],[ 14 100 100],[ 34 255 255],425,180,405,81
1738046940.2020814,[ 75 100 100],[ 19 255 255],[ 14 100 100],[ 34 255 255],425,179,405,81
1738046940.26552,[ 75 100 100],[ 19 255 255],[ 14 100 100],[ 34 255 255],425,179,405,80
1738046940.3278718,[ 75 100 100],[ 19 255 255],[ 14 100 100],[ 34 255 255],425,179,405,70
1738046940.3863246,[ 75 100 100],[ 19 255 255],[ 14 100 100],[ 34 255 255],425,172,406,69
1738046940.4489932,[ 75 100 100],[ 19 255 255],[ 14 100 100],[ 34 255 255],425,177,406,70
1738046940.5075161,[ 75 100 100],[ 19 255 255],[ 14 100 100],[ 34 255 255],424,131
1738046940.5663853,[ 75 100 100],[ 19 255 255],[ 14 100 100],[ 34 255 255],425,131
1738046940.6265025,[ 75 100 100],[ 19 255 255],[ 14 100 100],[ 34 255 255],425,131
1738046940.6866539,[ 75 100 100],[ 19 255 255],[ 14 100 100],[ 34 255 255],427,177,409,80
1738046940.7467303,[ 75 100 100],[ 19 255 255],[ 14 100 100],[ 34 255 255],428,169,410,74
1738046940.8070605,[ 75 100 100],[ 19 255 255],[ 14 100 100],[ 34 255 255],427,131
1738046940.8666356,[ 75 100 100],[ 19 255 255],[ 14 100 100],[ 34 255 255],428,130
1738046940.9267373,[ 75 100 100],[ 19 255 255],[ 14 100 100],[ 34 255 255],428,168,411,73
1738046940.9864259,[ 75 100 100],[ 19 255 255],[ 14 100 100],[ 34 255 255],428,130
1738046941.0466657,[ 75 100 100],[ 19 255 255],[ 14 100 100],[ 34 255 255],430,166,412,68
1738046941.1065173,[ 75 100 100],[ 19 255 255],[ 14 100 100],[ 34 255 255],436,169,423,54
1738046941.1665184,[ 75 100 100],[ 19 255 255],[ 14 100 100],[ 34 255 255],438,119
1738046941.2267418,[ 75 100 100],[ 19 255 255],[ 14 100 100],[ 34 255 255],435,120
1738046941.2863007,[ 75 100 100],[ 19 255 255],[ 14 100 100],[ 34 255 255],433,117
1738046941.3462684,[ 75 100 100],[ 19 255 255],[ 14 100 100],[ 34 255 255],442,150,415,29
1738046941.4065742,[ 75 100 100],[ 19 255 255],[ 14 100 100],[ 34 255 255],457,129,405,10
1738046941.4660738,[ 75 100 100],[ 19 255 255],[ 14 100 100],[ 34 255 255],469,110,316,5
1738046941.5303679,[ 75 100 100],[ 19 255 255],[ 14 100 100],[ 34 255 255],471,97
1738046941.5901713,[ 75 100 100],[ 19 255 255],[ 14 100 100],[ 34 255 255],472,95,354,205
1738046941.6499734,[ 75 100 100],[ 19 255 255],[ 14 100 100],[ 34 255 255],472,95,353,206
1738046941.7104897,[ 75 100 100],[ 19 255 255],[ 14 100 100],[ 34 255 255],471,95,346,207
1738046941.7703204,[ 75 100 100],[ 19 255 255],[ 14 100 100],[ 34 255 255],471,96,349,206
1738046941.8301249,[ 75 100 100],[ 19 255 255],[ 14 100 100],[ 34 255 255],472,92,362,202
1738046941.890828,[ 75 100 100],[ 19 255 255],[ 14 100 100],[ 34 255 255],472,92
1738046941.9505765,[ 75 100 100],[ 19 255 255],[ 14 100 100],[ 34 255 255],468,96
1738046942.0105186,[ 75 100 100],[ 19 255 255],[ 14 100 100],[ 34 255 255],465,107
1738046942.0708234,[ 75 100 100],[ 19 255 255],[ 14 100 100],[ 34 255 255],460,109,438,6
1738046942.1307046,[ 75 100 100],[ 19 255 255],[ 14 100 100],[ 34 255 255],451,134,401,22
1738046942.190613,[ 75 100 100],[ 19 255 255],[ 14 100 100],[ 34 255 255],443,110
1738046942.2509823,[ 75 100 100],[ 19 255 255],[ 14 100 100],[ 34 255 255],446,110,531,312
1738046942.3107452,[ 75 100 100],[ 19 255 255],[ 14 100 100],[ 34 255 255],450,110,530,314
1738046942.3711362,[ 75 100 100],[ 19 255 255],[ 14 100 100],[ 34 255 255],451,110,532,310
1738046942.4314733,[ 75 100 100],[ 19 255 255],[ 14 100 100],[ 34 255 255],451,110,534,321
1738046942.4902098,[ 75 100 100],[ 19 255 255],[ 14 100 100],[ 34 255 255],451,110,531,318
1738046942.5502193,[ 75 100 100],[ 19 255 255],[ 14 100 100],[ 34 255 255],450,110,532,319
1738046942.61058,[ 75 100 100],[ 19 255 255],[ 14 100 100],[ 34 255 255],450,111,530,312
1738046942.670556,[ 75 100 100],[ 19 255 255],[ 14 100 100],[ 34 255 255],451,111,533,323
1738046942.732195,[ 75 100 100],[ 19 255 255],[ 14 100 100],[ 34 255 255],452,110,532,317
1738046942.7917438,[ 75 100 100],[ 19 255 255],[ 14 100 100],[ 34 255 255],451,111,531,321
1738046942.8551884,[ 75 100 100],[ 19 255 255],[ 14 100 100],[ 34 255 255],451,110,532,315
1738046942.914762,[ 75 100 100],[ 19 255 255],[ 14 100 100],[ 34 255 255],450,111,531,316
1738046942.9761193,[ 75 100 100],[ 19 255 255],[ 14 100 100],[ 34 255 255],445,111,532,313
1738046943.0349617,[ 75 100 100],[ 19 255 255],[ 14 100 100],[ 34 255 255],429,118,408,18
1738046943.0959818,[ 75 100 100],[ 19 255 255],[ 14 100 100],[ 34 255 255],392,149,365,40
1738046943.1549287,[ 75 100 100],[ 19 255 255],[ 14 100 100],[ 34 255 255],361,166,345,73
1738046943.21421,[ 75 100 100],[ 19 255 255],[ 14 100 100],[ 34 255 255],351,159,344,70
1738046943.2742832,[ 75 100 100],[ 19 255 255],[ 14 100 100],[ 34 255 255],358,151,346,61
1738046943.335186,[ 75 100 100],[ 19 255 255],[ 14 100 100],[ 34 255 255],363,141,354,49
1738046943.3966596,[ 75 100 100],[ 19 255 255],[ 14 100 100],[ 34 255 255],365,138,358,45
1738046943.4551115,[ 75 100 100],[ 19 255 255],[ 14 100 100],[ 34 255 255],363,134,354,41
1738046943.5144446,[ 75 100 100],[ 19 255 255],[ 14 100 100],[ 34 255 255],363,131,352,35
1738046943.5751252,[ 75 100 100],[ 19 255 255],[ 14 100 100],[ 34 255 255],374,121,353,24
1738046943.6346579,[ 75 100 100],[ 19 255 255],[ 14 100 100],[ 34 255 255],394,105,335,11
1738046943.694371,[ 75 100 100],[ 19 255 255],[ 14 100 100],[ 34 255 255],412,114
1738046943.7545125,[ 75 100 100],[ 19 255 255],[ 14 100 100],[ 34 255 255],419,103,532,309
1738046943.8141794,[ 75 100 100],[ 19 255 255],[ 14 100 100],[ 34 255 255],418,108
1738046943.874568,[ 75 100 100],[ 19 255 255],[ 14 100 100],[ 34 255 255],414,119,454,2
1738046943.9344873,[ 75 100 100],[ 19 255 255],[ 14 100 100],[ 34 255 255],411,130,423,4
1738046943.9947445,[ 75 100 100],[ 19 255 255],[ 14 100 100],[ 34 255 255],403,102,345,10
1738046944.057631,[ 75 100 100],[ 19 255 255],[ 14 100 100],[ 34 255 255],381,128,361,27
1738046944.1199331,[ 75 100 100],[ 19 255 255],[ 14 100 100],[ 34 255 255],369,145,356,47
1738046944.1784637,[ 75 100 100],[ 19 255 255],[ 14 100 100],[ 34 255 255],376,139,358,40
1738046944.2384531,[ 75 100 100],[ 19 255 255],[ 14 100 100],[ 34 255 255],391,123,372,24
1738046944.2984264,[ 75 100 100],[ 19 255 255],[ 14 100 100],[ 34 255 255],404,105,354,14
1738046944.3585591,[ 75 100 100],[ 19 255 255],[ 14 100 100],[ 34 255 255],409,129,379,9
1738046944.418513,[ 75 100 100],[ 19 255 255],[ 14 100 100],[ 34 255 255],411,125,388,9
1738046944.479147,[ 75 100 100],[ 19 255 255],[ 14 100 100],[ 34 255 255],411,98,358,11
1738046944.5389118,[ 75 100 100],[ 19 255 255],[ 14 100 100],[ 34 255 255],409,127,357,11
1738046944.598171,[ 75 100 100],[ 19 255 255],[ 14 100 100],[ 34 255 255],411,102,398,7
1738046944.658298,[ 75 100 100],[ 19 255 255],[ 14 100 100],[ 34 255 255],416,111,450,2
1738046944.7182286,[ 75 100 100],[ 19 255 255],[ 14 100 100],[ 34 255 255],420,94,245,197
1738046944.7786927,[ 75 100 100],[ 19 255 255],[ 14 100 100],[ 34 255 255],421,97
1738046944.8383248,[ 75 100 100],[ 19 255 255],[ 14 100 100],[ 34 255 255],423,95
1738046944.8998861,[ 75 100 100],[ 19 255 255],[ 14 100 100],[ 34 255 255],424,90,250,190
1738046944.9592621,[ 75 100 100],[ 19 255 255],[ 14 100 100],[ 34 255 255],425,93,280,219
1738046945.0181925,[ 75 100 100],[ 19 255 255],[ 14 100 100],[ 34 255 255],423,95
1738046945.0783548,[ 75 100 100],[ 19 255 255],[ 14 100 100],[ 34 255 255],421,98
1738046945.1390514,[ 75 100 100],[ 19 255 255],[ 14 100 100],[ 34 255 255],421,92,248,187
1738046945.1981213,[ 75 100 100],[ 19 255 255],[ 14 100 100],[ 34 255 255],422,96,343,247
1738046945.2587225,[ 75 100 100],[ 19 255 255],[ 14 100 100],[ 34 255 255],421,102,360,272
1738046945.3198488,[ 75 100 100],[ 19 255 255],[ 14 100 100],[ 34 255 255],421,98,441,261
1738046945.3823452,[ 75 100 100],[ 19 255 255],[ 14 100 100],[ 34 255 255],423,98,333,257
1738046945.4432983,[ 75 100 100],[ 19 255 255],[ 14 100 100],[ 34 255 255],425,94,365,255
1738046945.5028825,[ 75 100 100],[ 19 255 255],[ 14 100 100],[ 34 255 255],422,96,366,246
1738046945.5634289,[ 75 100 100],[ 19 255 255],[ 14 100 100],[ 34 255 255],420,91,392,257
1738046945.622932,[ 75 100 100],[ 19 255 255],[ 14 100 100],[ 34 255 255],419,83,395,261
1738046945.6833155,[ 75 100 100],[ 19 255 255],[ 14 100 100],[ 34 255 255],417,95,385,266
1738046945.742558,[ 75 100 100],[ 19 255 255],[ 14 100 100],[ 34 255 255],418,99,389,262
1738046945.8023853,[ 75 100 100],[ 19 255 255],[ 14 100 100],[ 34 255 255],417,98,383,271
1738046945.8626611,[ 75 100 100],[ 19 255 255],[ 14 100 100],[ 34 255 255],419,75,386,269
1738046945.9223382,[ 75 100 100],[ 19 255 255],[ 14 100 100],[ 34 255 255],417,83,392,270
1738046945.9822466,[ 75 100 100],[ 19 255 255],[ 14 100 100],[ 34 255 255],370,272,417,97
1738046946.0427966,[ 75 100 100],[ 19 255 255],[ 14 100 100],[ 34 255 255],364,272,416,95
1738046946.1031072,[ 75 100 100],[ 19 255 255],[ 14 100 100],[ 34 255 255],372,272,419,71
1738046946.1630914,[ 75 100 100],[ 19 255 255],[ 14 100 100],[ 34 255 255],363,271,417,71
1738046955.9716265,[ 14 100 100],[ 34 255 255],[  1 100 100],[ 21 255 255],406,127,425,33,410,317,413,59
1738046956.0356276,[ 14 100 100],[ 34 255 255],[  1 100 100],[ 21 255 255],406,126,426,32,409,317,454,59
1738046956.0953193,[ 14 100 100],[ 34 255 255],[  1 100 100],[ 21 255 255],406,126,426,32,410,317,414,59
1738046956.155071,[ 14 100 100],[ 34 255 255],[  1 100 100],[ 21 255 255],406,125,425,31,410,316,413,58
1738046956.2154083,[ 14 100 100],[ 34 255 255],[  1 100 100],[ 21 255 255],406,125,425,32,409,317,413,58
1738046956.2765548,[ 14 100 100],[ 34 255 255],[  1 100 100],[ 21 255 255],406,125,425,32,409,316,413,58
1738046956.3354828,[ 14 100 100],[ 34 255 255],[  1 100 100],[ 21 255 255],407,125,426,32,409,316,414,58
1738046956.3966324,[ 14 100 100],[ 34 255 255],[  1 100 100],[ 21 255 255],406,126,426,32,409,317,454,57
1738046956.455264,[ 14 100 100],[ 34 255 255],[  1 100 100],[ 21 255 255],407,125,426,32,409,317,412,57
1738046956.515425,[ 14 100 100],[ 34 255 255],[  1 100 100],[ 21 255 255],407,125,426,31,409,316,414,57
1738046956.5751538,[ 14 100 100],[ 34 255 255],[  1 100 100],[ 21 255 255],408,125,426,32,410,316,415,58
1738046956.6373494,[ 14 100 100],[ 34 255 255],[  1 100 100],[ 21 255 255],408,124,427,31,409,316,415,57
1738046956.6951098,[ 14 100 100],[ 34 255 255],[  1 100 100],[ 21 255 255],408,124,427,31,409,316,415,56
1738046956.7555594,[ 14 100 100],[ 34 255 255],[  1 100 100],[ 21 255 255],408,124,427,31,410,317,415,56
1738046956.8158226,[ 14 100 100],[ 34 255 255],[  1 100 100],[ 21 255 255],408,124,428,31,410,316,416,56
1738046956.8754776,[ 14 100 100],[ 34 255 255],[  1 100 100],[ 21 255 255],408,123,428,31,409,316,417,57
1738046956.9355273,[ 14 100 100],[ 34 255 255],[  1 100 100],[ 21 255 255],408,123,428,31,409,316,416,56
1738046956.9948058,[ 14 100 100],[ 34 255 255],[  1 100 100],[ 21 255 255],408,123,428,31,409,316,417,56
1738046957.0552,[ 14 100 100],[ 34 255 255],[  1 100 100],[ 21 255 255],408,123,429,31,409,316,415,56
1738046957.1155035,[ 14 100 100],[ 34 255 255],[  1 100 100],[ 21 255 255],408,123,429,31,409,316,415,55
1738046957.1750357,[ 14 100 100],[ 34 255 255],[  1 100 100],[ 21 255 255],409,122,429,30,410,316,416,55
1738046957.2355,[ 14 100 100],[ 34 255 255],[  1 100 100],[ 21 255 255],409,122,430,30,409,316,416,54
1738046957.2986887,[ 14 100 100],[ 34 255 255],[  1 100 100],[ 21 255 255],410,120,430,30,409,315,456,49
1738046957.3604963,[ 14 100 100],[ 34 255 255],[  1 100 100],[ 21 255 255],410,120,430,29,410,315,418,52
1738046957.41905,[ 14 100 100],[ 34 255 255],[  1 100 100],[ 21 255 255],410,120,430,29,409,315,418,53
1738046957.4793966,[ 14 100 100],[ 34 255 255],[  1 100 100],[ 21 255 255],409,120,429,30,411,314,418,53
1738046957.5394614,[ 14 100 100],[ 34 255 255],[  1 100 100],[ 21 255 255],410,121,429,30,409,315,418,54
1738046957.5991368,[ 14 100 100],[ 34 255 255],[  1 100 100],[ 21 255 255],409,120,430,30,409,315,417,54
1738046957.6588016,[ 14 100 100],[ 34 255 255],[  1 100 100],[ 21 255 255],409,121,430,30,411,315,417,54
1738046957.7202497,[ 14 100 100],[ 34 255 255],[  1 100 100],[ 21 255 255],408,121,429,30,409,315,417,54
1738046957.7791934,[ 14 100 100],[ 34 255 255],[  1 100 100],[ 21 255 255],408,120,429,29,409,315,416,53
1738046957.8389537,[ 14 100 100],[ 34 255 255],[  1 100 100],[ 21 255 255],409,117,430,28,409,313,455,49
1738046957.8993516,[ 14 100 100],[ 34 255 255],[  1 100 100],[ 21 255 255],412,110,443,24,411,311,421,42
1738046957.9608164,[ 14 100 100],[ 34 255 255],[  1 100 100],[ 21 255 255],410,110,448,23,409,310,430,41
1738046958.0205338,[ 14 100 100],[ 34 255 255],[  1 100 100],[ 21 255 255],407,116,433,25,409,313,417,44
1738046958.0811563,[ 14 100 100],[ 34 255 255],[  1 100 100],[ 21 255 255],406,117,431,26,409,314,418,45
1738046958.138921,[ 14 100 100],[ 34 255 255],[  1 100 100],[ 21 255 255],407,117,436,26,411,314,418,44
1738046958.1991968,[ 14 100 100],[ 34 255 255],[  1 100 100],[ 21 255 255],406,118,433,25,409,314,417,45
1738046958.2595704,[ 14 100 100],[ 34 255 255],[  1 100 100],[ 21 255 255],407,117,438,25,410,314,418,44
1738046958.3195179,[ 14 100 100],[ 34 255 255],[  1 100 100],[ 21 255 255],407,117,435,25,410,314,417,44
1738046958.3797624,[ 14 100 100],[ 34 255 255],[  1 100 100],[ 21 255 255],408,117,439,25,409,314,420,44
1738046958.4399009,[ 14 100 100],[ 34 255 255],[  1 100 100],[ 21 255 255],408,116,442,24,409,314,425,43
1738046958.4991462,[ 14 100 100],[ 34 255 255],[  1 100 100],[ 21 255 255],409,114,450,23,409,313,434,42
1738046958.5644178,[ 14 100 100],[ 34 255 255],[  1 100 100],[ 21 255 255],409,112,453,22,411,311,436,40
1738046958.6236455,[ 14 100 100],[ 34 255 255],[  1 100 100],[ 21 255 255],408,112,436,22,409,308,412,40
1738046958.6832285,[ 14 100 100],[ 34 255 255],[  1 100 100],[ 21 255 255],404,114,419,24,409,306,406,45
1738046958.7429295,[ 14 100 100],[ 34 255 255],[  1 100 100],[ 21 255 255],405,112,418,24,411,338,409,47
1738046958.8048563,[ 14 100 100],[ 34 255 255],[  1 100 100],[ 21 255 255],406,111,418,25,410,338,407,48
1738046958.8633184,[ 14 100 100],[ 34 255 255],[  1 100 100],[ 21 255 255],408,112,419,26,409,338,406,50
1738046958.9231646,[ 14 100 100],[ 34 255 255],[  1 100 100],[ 21 255 255],412,105,423,23,409,339,446,39
1738046958.9835103,[ 14 100 100],[ 34 255 255],[  1 100 100],[ 21 255 255],415,99,430,21,409,339,415,33
1738046959.0435193,[ 14 100 100],[ 34 255 255],[  1 100 100],[ 21 255 255],416,96,429,21,410,337,417,35
1738046959.10389,[ 14 100 100],[ 34 255 255],[  1 100 100],[ 21 255 255],414,94,424,20,405,335,411,37
1738046959.163175,[ 14 100 100],[ 34 255 255],[  1 100 100],[ 21 255 255],408,90,415,19,409,330,526,128
1738046959.224852,[ 14 100 100],[ 34 255 255],[  1 100 100],[ 21 255 255],391,89,404,18,409,328,389,35
1738046959.2852178,[ 14 100 100],[ 34 255 255],[  1 100 100],[ 21 255 255],387,91,398,21,409,327,417,37
1738046959.344134,[ 14 100 100],[ 34 255 255],[  1 100 100],[ 21 255 255],389,94,399,23,409,326,417,36
1738046959.4031167,[ 14 100 100],[ 34 255 255],[  1 100 100],[ 21 255 255],396,96,405,25,399,329,390,38
1738046959.4634893,[ 14 100 100],[ 34 255 255],[  1 100 100],[ 21 255 255],403,97,416,25,398,329,398,36
1738046959.5235093,[ 14 100 100],[ 34 255 255],[  1 100 100],[ 21 255 255],409,93,418,24,398,338,406,45
1738046959.5842555,[ 14 100 100],[ 34 255 255],[  1 100 100],[ 21 255 255],410,89,420,22,400,338,409,42
1738046959.6433058,[ 14 100 100],[ 34 255 255],[  1 100 100],[ 21 255 255],408,83,420,20,399,339,410,35
1738046959.7048075,[ 14 100 100],[ 34 255 255],[  1 100 100],[ 21 255 255],406,80,417,18,399,339,405,33
1738046959.7631054,[ 14 100 100],[ 34 255 255],[  1 100 100],[ 21 255 255],404,81,414,18,399,339,402,32
1738046959.8240921,[ 14 100 100],[ 34 255 255],[  1 100 100],[ 21 255 255],403,84,413,20,399,339,430,38
1738046959.8876762,[ 14 100 100],[ 34 255 255],[  1 100 100],[ 21 255 255],404,84,414,20,399,339,402,33
1738046959.947164,[ 14 100 100],[ 34 255 255],[  1 100 100],[ 21 255 255],406,82,417,19,399,339,405,36
1738046960.0071242,[ 14 100 100],[ 34 255 255],[  1 100 100],[ 21 255 255],409,79,421,19,399,339,408,32
1738046960.0670078,[ 14 100 100],[ 34 255 255],[  1 100 100],[ 21 255 255],412,77,424,18,397,337,411,30
1738046960.1274767,[ 14 100 100],[ 34 255 255],[  1 100 100],[ 21 255 255],412,75,426,17,398,339,413,30
1738046960.187089,[ 14 100 100],[ 34 255 255],[  1 100 100],[ 21 255 255],412,73,426,17,398,339,415,27
1738046960.247282,[ 14 100 100],[ 34 255 255],[  1 100 100],[ 21 255 255],412,73,426,17,399,339,415,26
1738046960.3072126,[ 14 100 100],[ 34 255 255],[  1 100 100],[ 21 255 255],412,72,428,16,397,339,412,24
1738046960.3671856,[ 14 100 100],[ 34 255 255],[  1 100 100],[ 21 255 255],413,72,430,16,397,339,414,21
1738046960.4281912,[ 14 100 100],[ 34 255 255],[  1 100 100],[ 21 255 255],415,72,433,16,396,339,416,25
1738046960.4886408,[ 14 100 100],[ 34 255 255],[  1 100 100],[ 21 255 255],415,71,437,16,396,338,420,21
1738046960.5473945,[ 14 100 100],[ 34 255 255],[  1 100 100],[ 21 255 255],416,71,439,16,398,339,421,23
1738046960.6074035,[ 14 100 100],[ 34 255 255],[  1 100 100],[ 21 255 255],416,69,444,15,398,339,426,26
1738046960.6674418,[ 14 100 100],[ 34 255 255],[  1 100 100],[ 21 255 255],417,68,445,14,398,339,427,20
1738046960.727403,[ 14 100 100],[ 34 255 255],[  1 100 100],[ 21 255 255],417,67,449,14,398,338,431,23
1738046960.787472,[ 14 100 100],[ 34 255 255],[  1 100 100],[ 21 255 255],418,67,451,14,398,338,435,23
1738046960.8476439,[ 14 100 100],[ 34 255 255],[  1 100 100],[ 21 255 255],418,66,454,14,400,336,437,23
1738046960.908044,[ 14 100 100],[ 34 255 255],[  1 100 100],[ 21 255 255],419,65,458,14,399,338,441,23
1738046960.968391,[ 14 100 100],[ 34 255 255],[  1 100 100],[ 21 255 255],421,64,463,13,398,337,446,23
1738046961.02751,[ 14 100 100],[ 34 255 255],[  1 100 100],[ 21 255 255],423,62,469,13,400,337,451,19
1738046961.0892584,[ 14 100 100],[ 34 255 255],[  1 100 100],[ 21 255 255],423,61,472,12,399,337,454,23
1738046961.1514633,[ 14 100 100],[ 34 255 255],[  1 100 100],[ 21 255 255],422,60,475,11,399,337,458,21
1738046961.2111967,[ 14 100 100],[ 34 255 255],[  1 100 100],[ 21 255 255],419,61,471,12,398,337,482,24
1738046961.2712731,[ 14 100 100],[ 34 255 255],[  1 100 100],[ 21 255 255],415,61,467,12,398,338,449,23
1738046961.3312776,[ 14 100 100],[ 34 255 255],[  1 100 100],[ 21 255 255],411,61,467,11,399,339,446,23
1738046961.39215,[ 14 100 100],[ 34 255 255],[  1 100 100],[ 21 255 255],406,63,461,12,398,337,470,24
1738046961.451436,[ 14 100 100],[ 34 255 255],[  1 100 100],[ 21 255 255],403,68,453,13,400,338,432,27
1738046961.511292,[ 14 100 100],[ 34 255 255],[  1 100 100],[ 21 255 255],404,76,445,17,400,326,454,31
1738046961.5730386,[ 14 100 100],[ 34 255 255],[  1 100 100],[ 21 255 255],407,83,437,21,399,330,450,35
1738046961.6314607,[ 14 100 100],[ 34 255 255],[  1 100 100],[ 21 255 255],410,85,442,21,399,329,455,37
1738046961.6933002,[ 14 100 100],[ 34 255 255],[  1 100 100],[ 21 255 255],412,84,449,21,399,329,464,37
1738046961.751602,[ 14 100 100],[ 34 255 255],[  1 100 100],[ 21 255 255],409,85,442,22,401,329,420,38
1738046961.8110316,[ 14 100 100],[ 34 255 255],[  1 100 100],[ 21 255 255],407,87,431,23,398,329,415,40
1738046961.871145,[ 14 100 100],[ 34 255 255],[  1 100 100],[ 21 255 255],392,91,428,25,398,331,443,41
1738046961.9308984,[ 14 100 100],[ 34 255 255],[  1 100 100],[ 21 255 255],391,93,430,26,400,332,445,45
1738046961.9921384,[ 14 100 100],[ 34 255 255],[  1 100 100],[ 21 255 255],393,93,433,26,399,333,415,43
1738046962.0548117,[ 14 100 100],[ 34 255 255],[  1 100 100],[ 21 255 255],388,92,434,26,399,332,450,43
1738046962.1118646,[ 14 100 100],[ 34 255 255],[  1 100 100],[ 21 255 255],389,92,434,26,401,332,417,45
1738046962.1720557,[ 14 100 100],[ 34 255 255],[  1 100 100],[ 21 255 255],372,88,435,26,399,332,450,44
1738046962.231472,[ 14 100 100],[ 34 255 255],[  1 100 100],[ 21 255 255],372,87,436,27,400,333,453,47
1738046962.2923064,[ 14 100 100],[ 34 255 255],[  1 100 100],[ 21 255 255],372,88,437,28,399,334,420,45
1738046962.3513777,[ 14 100 100],[ 34 255 255],[  1 100 100],[ 21 255 255],437,29,372,89,400,334,453,50
1738046962.4151616,[ 14 100 100],[ 34 255 255],[  1 100 100],[ 21 255 255],438,30,372,91,398,335,421,51
1738046962.4772515,[ 14 100 100],[ 34 255 255],[  1 100 100],[ 21 255 255],439,31,373,92,399,336,453,52
1738046962.5352263,[ 14 100 100],[ 34 255 255],[  1 100 100],[ 21 255 255],442,33,374,94,398,337,424,56
1738046962.5954733,[ 14 100 100],[ 34 255 255],[  1 100 100],[ 21 255 255],444,34,376,95,399,337,425,58
1738046962.6562905,[ 14 100 100],[ 34 255 255],[  1 100 100],[ 21 255 255],444,35,376,97,401,315,426,54
1738046962.7166455,[ 14 100 100],[ 34 255 255],[  1 100 100],[ 21 255 255],443,36,375,99,405,317,458,57
1738046962.7752953,[ 14 100 100],[ 34 255 255],[  1 100 100],[ 21 255 255],444,38,375,101,401,319,455,61
1738046962.835423,[ 14 100 100],[ 34 255 255],[  1 100 100],[ 21 255 255],444,40,374,104,405,321,454,68
1738046962.8964064,[ 14 100 100],[ 34 255 255],[  1 100 100],[ 21 255 255],443,41,374,106,400,322,454,70
1738046962.9552226,[ 14 100 100],[ 34 255 255],[  1 100 100],[ 21 255 255],443,41,374,106,406,323,458,68
1738046963.0158904,[ 14 100 100],[ 34 255 255],[  1 100 100],[ 21 255 255],443,41,374,107,410,323,455,69
1738046963.0750315,[ 14 100 100],[ 34 255 255],[  1 100 100],[ 21 255 255],443,42,375,108,407,324,458,73
1738046963.1358576,[ 14 100 100],[ 34 255 255],[  1 100 100],[ 21 255 255],444,44,375,109,402,325,457,72
1738046963.196806,[ 14 100 100],[ 34 255 255],[  1 100 100],[ 21 255 255],445,44,374,110,407,326,456,70
1738046963.2555032,[ 14 100 100],[ 34 255 255],[  1 100 100],[ 21 255 255],444,45,375,111,409,326,457,77
1738046963.315473,[ 14 100 100],[ 34 255 255],[  1 100 100],[ 21 255 255],444,45,375,111,408,327,456,70
1738046963.3759263,[ 14 100 100],[ 34 255 255],[  1 100 100],[ 21 255 255],444,46,376,112,410,327,429,79
1738046963.4358702,[ 14 100 100],[ 34 255 255],[  1 100 100],[ 21 255 255],445,47,375,113,407,328,459,72
1738046963.4949636,[ 14 100 100],[ 34 255 255],[  1 100 100],[ 21 255 255],445,47,376,113,409,328,459,79
1738046963.5549486,[ 14 100 100],[ 34 255 255],[  1 100 100],[ 21 255 255],444,47,375,113,408,329,456,78
1738046963.6155355,[ 14 100 100],[ 34 255 255],[  1 100 100],[ 21 255 255],445,47,375,113,407,329,458,80
1738046963.6749477,[ 14 100 100],[ 34 255 255],[  1 100 100],[ 21 255 255],446,47,376,113,407,329,457,70
1738046963.7394469,[ 14 100 100],[ 34 255 255],[  1 100 100],[ 21 255 255],447,47,376,112,406,329,459,72
1738046963.7994235,[ 14 100 100],[ 34 255 255],[  1 100 100],[ 21 255 255],447,47,377,111,401,329,459,77
1738046963.859775,[ 14 100 100],[ 34 255 255],[  1 100 100],[ 21 255 255],447,46,378,111,408,329,463,71
1738046963.9190855,[ 14 100 100],[ 34 255 255],[  1 100 100],[ 21 255 255],448,46,377,111,409,329,459,70
1738046963.9788706,[ 14 100 100],[ 34 255 255],[  1 100 100],[ 21 255 255],447,47,377,111,408,329,459,70
1738046964.0394888,[ 14 100 100],[ 34 255 255],[  1 100 100],[ 21 255 255],448,46,378,111,402,329,460,70
1738046964.0991898,[ 14 100 100],[ 34 255 255],[  1 100 100],[ 21 255 255],448,46,378,111,409,329,461,70
1738046964.1599147,[ 14 100 100],[ 34 255 255],[  1 100 100],[ 21 255 255],448,46,377,111,410,329,462,79
1738046964.219127,[ 14 100 100],[ 34 255 255],[  1 100 100],[ 21 255 255],448,46,377,110,409,329,460,71
1738046964.279842,[ 14 100 100],[ 34 255 255],[  1 100 100],[ 21 255 255],448,46,377,109,408,329,460,73
1738046964.3396628,[ 14 100 100],[ 34 255 255],[  1 100 100],[ 21 255 255],449,46,379,109,409,329,465,73
1738046964.3990154,[ 14 100 100],[ 34 255 255],[  1 100 100],[ 21 255 255],449,46,378,109,408,329,462,75
1738046964.460545,[ 14 100 100],[ 34 255 255],[  1 100 100],[ 21 255 255],449,46,378,109,410,329,462,75
1738046964.5190232,[ 14 100 100],[ 34 255 255],[  1 100 100],[ 21 255 255],449,46,377,110,410,329,461,72
1738046964.5791113,[ 14 100 100],[ 34 255 255],[  1 100 100],[ 21 255 255],448,47,377,110,409,330,461,70
1738046964.6397843,[ 14 100 100],[ 34 255 255],[  1 100 100],[ 21 255 255],448,47,377,111,410,330,460,72
1738046964.6990106,[ 14 100 100],[ 34 255 255],[  1 100 100],[ 21 255 255],449,48,378,112,407,330,462,73
1738046964.759022,[ 14 100 100],[ 34 255 255],[  1 100 100],[ 21 255 255],449,49,378,112,409,331,462,74
1738046964.8189352,[ 14 100 100],[ 34 255 255],[  1 100 100],[ 21 255 255],449,50,376,113,410,332,464,77
1738046964.8794801,[ 14 100 100],[ 34 255 255],[  1 100 100],[ 21 255 255],450,51,378,112,410,331,463,77
1738046964.9391959,[ 14 100 100],[ 34 255 255],[  1 100 100],[ 21 255 255],452,50,380,111,409,331,464,76
1738046965.0033355,[ 14 100 100],[ 34 255 255],[  1 100 100],[ 21 255 255],454,50,379,109,407,332,467,80
1738046965.0630395,[ 14 100 100],[ 34 255 255],[  1 100 100],[ 21 255 255],456,51,383,109,406,332,468,77
1738046965.1233866,[ 14 100 100],[ 34 255 255],[  1 100 100],[ 21 255 255],456,52,383,109,406,332,468,79
1738046965.1838155,[ 14 100 100],[ 34 255 255],[  1 100 100],[ 21 255 255],456,52,383,109,410,332,469,78
1738046965.2431307,[ 14 100 100],[ 34 255 255],[  1 100 100],[ 21 255 255],456,51,384,108,410,332,470,80
1738046965.30603,[ 14 100 100],[ 34 255 255],[  1 100 100],[ 21 255 255],456,51,383,108,404,332,470,80
1738046965.3635628,[ 14 100 100],[ 34 255 255],[  1 100 100],[ 21 255 255],456,50,381,108,409,332,468,74
1738046965.4230065,[ 14 100 100],[ 34 255 255],[  1 100 100],[ 21 255 255],455,49,382,108,403,332,466,75
1738046965.483441,[ 14 100 100],[ 34 255 255],[  1 100 100],[ 21 255 255],454,48,380,109,410,332,467,78
1738046965.543164,[ 14 100 100],[ 34 255 255],[  1 100 100],[ 21 255 255],452,45,379,109,407,331,464,71
1738046965.6036882,[ 14 100 100],[ 34 255 255],[  1 100 100],[ 21 255 255],450,41,376,109,402,330,463,71
1738046965.6631763,[ 14 100 100],[ 34 255 255],[  1 100 100],[ 21 255 255],446,40,376,110,406,330,431,66
1738046965.7234972,[ 14 100 100],[ 34 255 255],[  1 100 100],[ 21 255 255],445,40,375,112,404,330,431,65
1738046965.783234,[ 14 100 100],[ 34 255 255],[  1 100 100],[ 21 255 255],443,39,411,117,403,330,460,67
1738046965.843182,[ 14 100 100],[ 34 255 255],[  1 100 100],[ 21 255 255],441,39,411,118,406,330,430,58
1738046965.9051716,[ 14 100 100],[ 34 255 255],[  1 100 100],[ 21 255 255],441,39,412,118,404,330,427,64
1738046965.9634438,[ 14 100 100],[ 34 255 255],[  1 100 100],[ 21 255 255],441,39,412,117,403,330,432,59
1738046966.0242465,[ 14 100 100],[ 34 255 255],[  1 100 100],[ 21 255 255],412,118,440,38,403,330,429,61
1738046966.083226,[ 14 100 100],[ 34 255 255],[  1 100 100],[ 21 255 255],413,118,440,38,402,330,429,59
1738046966.143819,[ 14 100 100],[ 34 255 255],[  1 100 100],[ 21 255 255],413,118,439,38,402,330,433,60
1738046966.2032332,[ 14 100 100],[ 34 255 255],[  1 100 100],[ 21 255 255],413,118,439,38,405,330,431,61
1738046966.267125,[ 14 100 100],[ 34 255 255],[  1 100 100],[ 21 255 255],413,119,438,38,402,329,429,57
1738046966.3271098,[ 14 100 100],[ 34 255 255],[  1 100 100],[ 21 255 255],413,119,440,38,405,330,431,61
1738046966.3879597,[ 14 100 100],[ 34 255 255],[  1 100 100],[ 21 255 255],414,119,440,38,406,330,430,62
1738046966.4481065,[ 14 100 100],[ 34 255 255],[  1 100 100],[ 21 255 255],414,119,441,39,397,330,428,59
1738046966.5082047,[ 14 100 100],[ 34 255 255],[  1 100 100],[ 21 255 255],415,119,441,39,398,330,432,61
1738046966.5676172,[ 14 100 100],[ 34 255 255],[  1 100 100],[ 21 255 255],415,119,441,39,400,330,423,61
1738046966.6278522,[ 14 100 100],[ 34 255 255],[  1 100 100],[ 21 255 255],414,119,441,39,400,330,423,64
1738046966.6869993,[ 14 100 100],[ 34 255 255],[  1 100 100],[ 21 255 255],415,119,441,39,395,330,439,62
1738046966.7471814,[ 14 100 100],[ 34 255 255],[  1 100 100],[ 21 255 255],415,119,440,39,397,330,431,61
1738046966.8078012,[ 14 100 100],[ 34 255 255],[  1 100 100],[ 21 255 255],415,120,440,39,397,330,430,62
1738046966.867134,[ 14 100 100],[ 34 255 255],[  1 100 100],[ 21 255 255],417,120,442,39,400,330,425,61
1738046966.9271326,[ 14 100 100],[ 34 255 255],[  1 100 100],[ 21 255 255],443,39,416,120,402,330,431,63
1738046966.9871235,[ 14 100 100],[ 34 255 255],[  1 100 100],[ 21 255 255],442,39,416,120,397,331,434,64
1738046967.0476394,[ 14 100 100],[ 34 255 255],[  1 100 100],[ 21 255 255],442,39,415,120,396,331,426,59
1738046967.107099,[ 14 100 100],[ 34 255 255],[  1 100 100],[ 21 255 255],442,39,416,119,402,330,431,63
1738046967.1681745,[ 14 100 100],[ 34 255 255],[  1 100 100],[ 21 255 255],442,39,416,119,395,330,429,59
1738046967.2271082,[ 14 100 100],[ 34 255 255],[  1 100 100],[ 21 255 255],442,39,416,119,403,329,430,61
1738046967.287373,[ 14 100 100],[ 34 255 255],[  1 100 100],[ 21 255 255],442,39,416,118,397,330,431,62
1738046967.347302,[ 14 100 100],[ 34 255 255],[  1 100 100],[ 21 255 255],443,39,415,117,397,331,427,60
1738046967.4072082,[ 14 100 100],[ 34 255 255],[  1 100 100],[ 21 255 255],443,38,416,118,398,330,429,61
1738046967.4684598,[ 14 100 100],[ 34 255 255],[  1 100 100],[ 21 255 255],443,38,416,117,401,330,424,60
1738046967.5284185,[ 14 100 100],[ 34 255 255],[  1 100 100],[ 21 255 255],443,38,414,118,402,330,424,53
1738046967.591584,[ 14 100 100],[ 34 255 255],[  1 100 100],[ 21 255 255],440,39,414,119,401,330,426,62
1738046967.652525,[ 14 100 100],[ 34 255 255],[  1 100 100],[ 21 255 255],440,39,413,118,398,330,429,63
1738046967.7109683,[ 14 100 100],[ 34 255 255],[  1 100 100],[ 21 255 255],441,38,414,118,400,330,430,61
1738046967.771203,[ 14 100 100],[ 34 255 255],[  1 100 100],[ 21 255 255],442,39,414,118,396,330,439,57
1738046967.8308852,[ 14 100 100],[ 34 255 255],[  1 100 100],[ 21 255 255],441,39,414,118,396,331,431,59
1738046967.8920112,[ 14 100 100],[ 34 255 255],[  1 100 100],[ 21 255 255],442,39,414,118,396,330,432,62
1738046967.951362,[ 14 100 100],[ 34 255 255],[  1 100 100],[ 21 255 255],442,38,414,118,398,330,432,55
1738046968.0120852,[ 14 100 100],[ 34 255 255],[  1 100 100],[ 21 255 255],442,38,415,118,399,330,433,55
1738046968.0710838,[ 14 100 100],[ 34 255 255],[  1 100 100],[ 21 255 255],442,38,414,117,401,329,431,60
1738046968.1313171,[ 14 100 100],[ 34 255 255],[  1 100 100],[ 21 255 255],442,38,414,117,396,330,431,59
1738046968.1929214,[ 14 100 100],[ 34 255 255],[  1 100 100],[ 21 255 255],443,38,414,117,396,330,433,60
1738046968.2513773,[ 14 100 100],[ 34 255 255],[  1 100 100],[ 21 255 255],443,38,414,117,397,330,435,61
1738046968.3115637,[ 14 100 100],[ 34 255 255],[  1 100 100],[ 21 255 255],443,38,414,116,396,330,432,60
1738046968.37149,[ 14 100 100],[ 34 255 255],[  1 100 100],[ 21 255 255],444,38,415,116,396,330,427,51
1738046968.4332244,[ 14 100 100],[ 34 255 255],[  1 100 100],[ 21 255 255],444,38,415,115,397,330,431,55
1738046968.4914722,[ 14 100 100],[ 34 255 255],[  1 100 100],[ 21 255 255],443,38,415,115,397,329,430,59
1738046968.5515049,[ 14 100 100],[ 34 255 255],[  1 100 100],[ 21 255 255],444,38,416,115,396,330,433,56
1738046968.611772,[ 14 100 100],[ 34 255 255],[  1 100 100],[ 21 255 255],445,38,415,115,396,330,437,60
1738046968.6708891,[ 14 100 100],[ 34 255 255],[  1 100 100],[ 21 255 255],445,38,414,115,399,330,427,47
1738046968.7310312,[ 14 100 100],[ 34 255 255],[  1 100 100],[ 21 255 255],445,38,415,115,397,330,433,58
1738046968.7913206,[ 14 100 100],[ 34 255 255],[  1 100 100],[ 21 255 255],445,37,416,114,396,330,433,58
1738046968.8550973,[ 14 100 100],[ 34 255 255],[  1 100 100],[ 21 255 255],447,37,379,110,396,330,435,58
1738046968.9151747,[ 14 100 100],[ 34 255 255],[  1 100 100],[ 21 255 255],446,37,379,109,396,330,461,68
1738046968.975689,[ 14 100 100],[ 34 255 255],[  1 100 100],[ 21 255 255],447,38,379,109,396,329,427,58
1738046969.0367706,[ 14 100 100],[ 34 255 255],[  1 100 100],[ 21 255 255],447,37,380,109,399,329,431,48
1738046969.0950792,[ 14 100 100],[ 34 255 255],[  1 100 100],[ 21 255 255],447,37,380,108,396,329,429,47
1738046969.1550856,[ 14 100 100],[ 34 255 255],[  1 100 100],[ 21 255 255],448,37,380,108,399,329,428,57
1738046969.216595,[ 14 100 100],[ 34 255 255],[  1 100 100],[ 21 255 255],448,37,380,108,398,330,433,57
1738046969.2752838,[ 14 100 100],[ 34 255 255],[  1 100 100],[ 21 255 255],445,38,379,110,397,330,443,55
1738046969.335429,[ 14 100 100],[ 34 255 255],[  1 100 100],[ 21 255 255],443,39,379,112,397,330,428,62
1738046969.396754,[ 14 100 100],[ 34 255 255],[  1 100 100],[ 21 255 255],445,38,380,110,397,330,434,60
1738046969.4564433,[ 14 100 100],[ 34 255 255],[  1 100 100],[ 21 255 255],445,39,381,112,395,332,437,62
1738046969.515174,[ 14 100 100],[ 34 255 255],[  1 100 100],[ 21 255 255],445,40,380,113,400,331,435,64
1738046969.5759447,[ 14 100 100],[ 34 255 255],[  1 100 100],[ 21 255 255],445,40,380,113,397,332,433,63
1738046969.6349778,[ 14 100 100],[ 34 255 255],[  1 100 100],[ 21 255 255],445,40,380,112,396,332,433,63
1738046969.695976,[ 14 100 100],[ 34 255 255],[  1 100 100],[ 21 255 255],444,40,380,112,396,332,431,63
1738046969.7554107,[ 14 100 100],[ 34 255 255],[  1 100 100],[ 21 255 255],443,40,379,112,403,331,431,58
1738046969.8154256,[ 14 100 100],[ 34 255 255],[  1 100 100],[ 21 255 255],445,40,381,112,396,332,434,58
1738046969.8756056,[ 14 100 100],[ 34 255 255],[  1 100 100],[ 21 255 255],447,39,384,110,400,330,431,59
1738046969.9356139,[ 14 100 100],[ 34 255 255],[  1 100 100],[ 21 255 255],448,38,384,109,397,331,437,56
1738046969.9955933,[ 14 100 100],[ 34 255 255],[  1 100 100],[ 21 255 255],448,38,384,107,396,330,436,57
1738046970.0563128,[ 14 100 100],[ 34 255 255],[  1 100 100],[ 21 255 255],449,38,385,107,398,330,432,56
1738046970.1155472,[ 14 100 100],[ 34 255 255],[  1 100 100],[ 21 255 255],450,37,386,106,398,328,436,56
1738046970.179655,[ 14 100 100],[ 34 255 255],[  1 100 100],[ 21 255 255],451,37,386,106,396,329,439,50
1738046970.2391646,[ 14 100 100],[ 34 255 255],[  1 100 100],[ 21 255 255],450,37,386,105,396,330,436,56
1738046970.299501,[ 14 100 100],[ 34 255 255],[  1 100 100],[ 21 255 255],450,37,387,105,396,329,435,48
1738046970.3594155,[ 14 100 100],[ 34 255 255],[  1 100 100],[ 21 255 255],451,37,386,105,398,329,439,57
1738046970.4197142,[ 14 100 100],[ 34 255 255],[  1 100 100],[ 21 255 255],450,37,386,104,397,329,438,56
1738046970.4792056,[ 14 100 100],[ 34 255 255],[  1 100 100],[ 21 255 255],451,37,387,104,395,329,440,55
1738046970.5390432,[ 14 100 100],[ 34 255 255],[  1 100 100],[ 21 255 255],452,37,388,104,397,329,435,54
1738046970.599314,[ 14 100 100],[ 34 255 255],[  1 100 100],[ 21 255 255],452,36,388,103,397,330,435,55
1738046970.6589947,[ 14 100 100],[ 34 255 255],[  1 100 100],[ 21 255 255],452,36,388,102,397,329,438,52
1738046970.7198734,[ 14 100 100],[ 34 255 255],[  1 100 100],[ 21 255 255],452,36,388,102,397,328,429,54
1738046970.7796152,[ 14 100 100],[ 34 255 255],[  1 100 100],[ 21 255 255],452,36,389,102,396,328,437,51
1738046970.8391113,[ 14 100 100],[ 34 255 255],[  1 100 100],[ 21 255 255],454,36,389,101,396,328,441,53
1738046970.8989506,[ 14 100 100],[ 34 255 255],[  1 100 100],[ 21 255 255],454,36,389,101,397,328,441,45
1738046970.959949,[ 14 100 100],[ 34 255 255],[  1 100 100],[ 21 255 255],455,35,390,101,397,328,443,52
1738046971.019328,[ 14 100 100],[ 34 255 255],[  1 100 100],[ 21 255 255],454,35,389,100,396,327,433,51
1738046971.079196,[ 14 100 100],[ 34 255 255],[  1 100 100],[ 21 255 255],454,36,389,101,404,328,441,52
1738046971.1395147,[ 14 100 100],[ 34 255 255],[  1 100 100],[ 21 255 255],454,35,389,100,403,327,445,45
1738046971.1999702,[ 14 100 100],[ 34 255 255],[  1 100 100],[ 21 255 255],454,36,389,101,398,328,442,52
1738046971.2597258,[ 14 100 100],[ 34 255 255],[  1 100 100],[ 21 255 255],455,36,389,101,404,328,440,54
1738046971.3188589,[ 14 100 100],[ 34 255 255],[  1 100 100],[ 21 255 255],455,36,389,101,403,328,441,54
1738046971.37888,[ 14 100 100],[ 34 255 255],[  1 100 100],[ 21 255 255],455,36,389,101,403,328,434,52
1738046971.4439287,[ 14 100 100],[ 34 255 255],[  1 100 100],[ 21 255 255],454,36,389,101,399,328,442,57
1738046971.5034244,[ 14 100 100],[ 34 255 255],[  1 100 100],[ 21 255 255],454,36,389,101,399,328,442,56
1738046971.5628073,[ 14 100 100],[ 34 255 255],[  1 100 100],[ 21 255 255],454,36,389,101,398,328,440,56
1738046971.6233487,[ 14 100 100],[ 34 255 255],[  1 100 100],[ 21 255 255],454,36,389,101,398,328,434,49
1738046971.683233,[ 14 100 100],[ 34 255 255],[  1 100 100],[ 21 255 255],455,36,389,101,396,328,442,55
1738046971.7432485,[ 14 100 100],[ 34 255 255],[  1 100 100],[ 21 255 255],455,36,389,101,399,329,442,56
